1	1555185845785	-0.511	0.777	10.053	1_meter_fast
2	1555185845786	-0.511	0.777	10.053	1_meter_fast
3	1555185845789	-0.513	0.782	9.998	1_meter_fast
4	1555185845790	-0.52	0.811	9.966	1_meter_fast
5	1555185845792	-0.513	0.842	9.938	1_meter_fast
6	1555185845794	-0.525	0.832	9.931	1_meter_fast
7	1555185845796	-0.518	0.839	9.954	1_meter_fast
8	1555185845799	-0.484	0.849	9.935	1_meter_fast
9	1555185845801	-0.477	0.837	9.95	1_meter_fast
10	1555185845812	-0.496	0.825	9.95	1_meter_fast
11	1555185845813	-0.475	0.811	9.947	1_meter_fast
12	1555185845814	-0.458	0.799	9.966	1_meter_fast
13	1555185845815	-0.444	0.801	10.017	1_meter_fast
14	1555185845816	-0.441	0.799	10.007	1_meter_fast
15	1555185845817	-0.415	0.76	10.005	1_meter_fast
16	1555185845818	-0.389	0.7	9.978	1_meter_fast
17	1555185845822	-0.365	0.7	9.952	1_meter_fast
18	1555185845823	-0.362	0.681	9.933	1_meter_fast
19	1555185845825	-0.341	0.674	9.856	1_meter_fast
20	1555185845827	-0.329	0.66	9.801	1_meter_fast
21	1555185845829	-0.331	0.643	9.689	1_meter_fast
22	1555185845832	-0.3	0.669	9.593	1_meter_fast
23	1555185845834	-0.305	0.691	9.497	1_meter_fast
24	1555185845836	-0.291	0.705	9.389	1_meter_fast
25	1555185845839	-0.303	0.732	9.296	1_meter_fast
26	1555185845842	-0.317	0.772	9.26	1_meter_fast
27	1555185845844	-0.326	0.815	9.229	1_meter_fast
28	1555185845846	-0.336	0.846	9.265	1_meter_fast
29	1555185845849	-0.353	0.916	9.337	1_meter_fast
30	1555185845851	-0.374	0.969	9.457	1_meter_fast
31	1555185845853	-0.394	0.992	9.624	1_meter_fast
32	1555185845857	-0.374	1.048	9.792	1_meter_fast
33	1555185845859	-0.382	1.04	9.962	1_meter_fast
34	1555185845861	-0.389	1.014	10.093	1_meter_fast
35	1555185845863	-0.384	1.009	10.23	1_meter_fast
36	1555185845866	-0.365	0.981	10.323	1_meter_fast
37	1555185845868	-0.341	0.935	10.364	1_meter_fast
38	1555185845870	-0.353	0.887	10.373	1_meter_fast
39	1555185845873	-0.348	0.846	10.357	1_meter_fast
40	1555185845876	-0.343	0.779	10.287	1_meter_fast
41	1555185845878	-0.338	0.734	10.232	1_meter_fast
42	1555185845880	-0.379	0.696	10.201	1_meter_fast
43	1555185845882	-0.422	0.638	10.182	1_meter_fast
44	1555185845885	-0.444	0.588	10.196	1_meter_fast
45	1555185845887	-0.499	0.54	10.227	1_meter_fast
46	1555185845889	-0.528	0.49	10.251	1_meter_fast
47	1555185845892	-0.571	0.483	10.29	1_meter_fast
48	1555185845895	-0.607	0.475	10.333	1_meter_fast
49	1555185845897	-0.647	0.444	10.357	1_meter_fast
50	1555185845899	-0.688	0.442	10.364	1_meter_fast
51	1555185845901	-0.717	0.435	10.357	1_meter_fast
52	1555185845907	-0.705	0.42	10.342	1_meter_fast
53	1555185845908	-0.717	0.42	10.292	1_meter_fast
54	1555185845912	-0.666	0.418	10.232	1_meter_fast
55	1555185845914	-0.626	0.451	10.151	1_meter_fast
56	1555185845915	-0.616	0.451	10.045	1_meter_fast
57	1555185845916	-0.58	0.475	9.933	1_meter_fast
58	1555185845917	-0.573	0.471	9.837	1_meter_fast
59	1555185845920	-0.561	0.478	9.775	1_meter_fast
60	1555185845923	-0.54	0.504	9.677	1_meter_fast
61	1555185845925	-0.53	0.547	9.593	1_meter_fast
62	1555185845927	-0.489	0.578	9.516	1_meter_fast
63	1555185845930	-0.475	0.583	9.454	1_meter_fast
64	1555185845932	-0.465	0.631	9.425	1_meter_fast
65	1555185845934	-0.458	0.681	9.387	1_meter_fast
66	1555185845939	-0.453	0.705	9.394	1_meter_fast
67	1555185845940	-0.451	0.736	9.377	1_meter_fast
68	1555185845942	-0.468	0.767	9.349	1_meter_fast
69	1555185845944	-0.473	0.775	9.361	1_meter_fast
70	1555185845946	-0.487	0.789	9.363	1_meter_fast
71	1555185845949	-0.499	0.808	9.37	1_meter_fast
72	1555185845952	-0.511	0.767	9.373	1_meter_fast
73	1555185845955	-0.518	0.751	9.375	1_meter_fast
74	1555185845958	-0.535	0.772	9.389	1_meter_fast
75	1555185845959	-0.504	0.779	9.382	1_meter_fast
76	1555185845961	-0.501	0.767	9.37	1_meter_fast
77	1555185845964	-0.518	0.76	9.351	1_meter_fast
78	1555185845965	-0.501	0.772	9.346	1_meter_fast
79	1555185845968	-0.494	0.772	9.342	1_meter_fast
80	1555185845971	-0.473	0.767	9.332	1_meter_fast
81	1555185845974	-0.473	0.724	9.327	1_meter_fast
82	1555185845975	-0.473	0.727	9.385	1_meter_fast
83	1555185845977	-0.444	0.729	9.447	1_meter_fast
84	1555185845980	-0.401	0.717	9.492	1_meter_fast
85	1555185845982	-0.389	0.717	9.605	1_meter_fast
86	1555185845985	-0.355	0.746	9.708	1_meter_fast
87	1555185845987	-0.319	0.746	9.816	1_meter_fast
88	1555185845990	-0.281	0.741	9.928	1_meter_fast
89	1555185845992	-0.238	0.741	10.022	1_meter_fast
90	1555185845994	-0.214	0.751	10.108	1_meter_fast
91	1555185845997	-0.224	0.734	10.182	1_meter_fast
92	1555185845999	-0.219	0.691	10.249	1_meter_fast
93	1555185846001	-0.204	0.667	10.321	1_meter_fast
94	1555185846004	-0.2	0.638	10.364	1_meter_fast
95	1555185846007	-0.212	0.609	10.426	1_meter_fast
96	1555185846009	-0.226	0.609	10.484	1_meter_fast
97	1555185846011	-0.257	0.583	10.539	1_meter_fast
98	1555185846014	-0.262	0.581	10.61	1_meter_fast
99	1555185846016	-0.25	0.547	10.67	1_meter_fast
100	1555185846018	-0.243	0.53	10.718	1_meter_fast
101	1555185846021	-0.243	0.495	10.764	1_meter_fast
102	1555185846024	-0.264	0.461	10.74	1_meter_fast
103	1555185846025	-0.3	0.42	10.73	1_meter_fast
104	1555185846029	-0.324	0.396	10.644	1_meter_fast
105	1555185846030	-0.394	0.322	10.563	1_meter_fast
106	1555185846033	-0.427	0.286	10.44	1_meter_fast
107	1555185846035	-0.48	0.248	10.302	1_meter_fast
108	1555185846037	-0.501	0.212	10.191	1_meter_fast
109	1555185846040	-0.547	0.171	10.033	1_meter_fast
110	1555185846042	-0.575	0.202	9.911	1_meter_fast
111	1555185846045	-0.583	0.214	9.787	1_meter_fast
112	1555185846047	-0.604	0.243	9.672	1_meter_fast
113	1555185846050	-0.631	0.238	9.6	1_meter_fast
114	1555185846052	-0.647	0.253	9.49	1_meter_fast
115	1555185846054	-0.666	0.269	9.413	1_meter_fast
116	1555185846057	-0.693	0.279	9.339	1_meter_fast
117	1555185846059	-0.693	0.308	9.279	1_meter_fast
118	1555185846061	-0.678	0.344	9.27	1_meter_fast
119	1555185846064	-0.683	0.317	9.236	1_meter_fast
120	1555185846067	-0.647	0.365	9.263	1_meter_fast
121	1555185846069	-0.623	0.384	9.33	1_meter_fast
122	1555185846071	-0.607	0.404	9.373	1_meter_fast
123	1555185846074	-0.556	0.456	9.457	1_meter_fast
124	1555185846076	-0.542	0.492	9.536	1_meter_fast
125	1555185846079	-0.525	0.514	9.619	1_meter_fast
126	1555185846081	-0.504	0.545	9.705	1_meter_fast
127	1555185846083	-0.47	0.552	9.799	1_meter_fast
128	1555185846087	-0.439	0.583	9.818	1_meter_fast
129	1555185846088	-0.415	0.583	9.88	1_meter_fast
130	1555185846092	-0.391	0.586	9.875	1_meter_fast
131	1555185846096	-0.365	0.607	9.88	1_meter_fast
132	1555185846097	-0.355	0.6	9.892	1_meter_fast
133	1555185846098	-0.355	0.602	9.887	1_meter_fast
134	1555185846101	-0.343	0.619	9.852	1_meter_fast
135	1555185846104	-0.348	0.607	9.835	1_meter_fast
136	1555185846106	-0.331	0.633	9.813	1_meter_fast
137	1555185846107	-0.341	0.609	9.835	1_meter_fast
138	1555185846110	-0.353	0.6	9.859	1_meter_fast
139	1555185846112	-0.382	0.571	9.931	1_meter_fast
140	1555185846115	-0.398	0.578	9.978	1_meter_fast
141	1555185846117	-0.441	0.533	10.057	1_meter_fast
142	1555185846119	-0.47	0.502	10.115	1_meter_fast
143	1555185846123	-0.525	0.511	10.144	1_meter_fast
144	1555185846125	-0.556	0.518	10.187	1_meter_fast
145	1555185846127	-0.599	0.483	10.206	1_meter_fast
146	1555185846130	-0.65	0.437	10.191	1_meter_fast
147	1555185846131	-0.693	0.427	10.203	1_meter_fast
148	1555185846134	-0.745	0.399	10.18	1_meter_fast
149	1555185846136	-0.791	0.411	10.163	1_meter_fast
150	1555185846139	-0.824	0.408	10.12	1_meter_fast
151	1555185846143	-0.834	0.408	10.103	1_meter_fast
152	1555185846144	-0.872	0.432	10.098	1_meter_fast
153	1555185846146	-0.887	0.435	10.105	1_meter_fast
154	1555185846148	-0.911	0.439	10.122	1_meter_fast
155	1555185846150	-0.935	0.459	10.151	1_meter_fast
156	1555185846153	-0.99	0.483	10.18	1_meter_fast
157	1555185846156	-1.05	0.487	10.184	1_meter_fast
158	1555185846157	-1.107	0.502	10.237	1_meter_fast
159	1555185846161	-1.169	0.492	10.223	1_meter_fast
160	1555185846163	-1.224	0.526	10.251	1_meter_fast
161	1555185846165	-1.318	0.54	10.302	1_meter_fast
162	1555185846168	-1.37	0.557	10.347	1_meter_fast
163	1555185846169	-1.435	0.557	10.45	1_meter_fast
164	1555185846172	-1.483	0.586	10.555	1_meter_fast
165	1555185846175	-1.547	0.6	10.637	1_meter_fast
166	1555185846177	-1.634	0.629	10.78	1_meter_fast
167	1555185846179	-1.674	0.595	10.869	1_meter_fast
168	1555185846184	-1.734	0.607	10.95	1_meter_fast
169	1555185846185	-1.796	0.583	11.017	1_meter_fast
170	1555185846186	-1.849	0.566	11.096	1_meter_fast
171	1555185846189	-1.916	0.533	11.185	1_meter_fast
172	1555185846192	-1.945	0.499	11.216	1_meter_fast
173	1555185846194	-1.981	0.523	11.245	1_meter_fast
174	1555185846196	-2.019	0.487	11.259	1_meter_fast
175	1555185846199	-2.026	0.468	11.252	1_meter_fast
176	1555185846203	-2.05	0.444	11.209	1_meter_fast
177	1555185846204	-2.05	0.42	11.166	1_meter_fast
178	1555185846206	-2.031	0.408	11.092	1_meter_fast
179	1555185846208	-2.029	0.38	11.02	1_meter_fast
180	1555185846210	-2.029	0.396	10.915	1_meter_fast
181	1555185846212	-2.043	0.404	10.8	1_meter_fast
182	1555185846215	-2.05	0.437	10.663	1_meter_fast
183	1555185846218	-2.072	0.487	10.51	1_meter_fast
184	1555185846221	-2.108	0.495	10.359	1_meter_fast
185	1555185846222	-2.141	0.521	10.189	1_meter_fast
186	1555185846227	-2.158	0.562	10.048	1_meter_fast
187	1555185846229	-2.206	0.609	9.928	1_meter_fast
188	1555185846230	-2.239	0.645	9.806	1_meter_fast
189	1555185846233	-2.266	0.679	9.727	1_meter_fast
190	1555185846234	-2.244	0.717	9.643	1_meter_fast
191	1555185846237	-2.28	0.748	9.583	1_meter_fast
192	1555185846241	-2.285	0.794	9.552	1_meter_fast
193	1555185846242	-2.292	0.868	9.552	1_meter_fast
194	1555185846245	-2.321	0.937	9.603	1_meter_fast
195	1555185846246	-2.366	0.978	9.667	1_meter_fast
196	1555185846251	-2.388	1.036	9.756	1_meter_fast
197	1555185846252	-2.431	1.064	9.83	1_meter_fast
198	1555185846254	-2.431	1.11	9.904	1_meter_fast
199	1555185846256	-2.462	1.11	9.971	1_meter_fast
200	1555185846258	-2.481	1.107	10.019	1_meter_fast
201	1555185846261	-2.493	1.134	10.045	1_meter_fast
202	1555185846264	-2.51	1.117	10.081	1_meter_fast
203	1555185846265	-2.515	1.095	10.067	1_meter_fast
204	1555185846269	-2.522	1.062	10.072	1_meter_fast
205	1555185846270	-2.565	1.038	10.074	1_meter_fast
206	1555185846274	-2.56	0.997	10.067	1_meter_fast
207	1555185846275	-2.57	0.992	10.045	1_meter_fast
208	1555185846280	-2.582	0.976	10.007	1_meter_fast
209	1555185846281	-2.584	0.973	9.99	1_meter_fast
210	1555185846282	-2.606	0.949	9.978	1_meter_fast
211	1555185846284	-2.622	0.957	9.945	1_meter_fast
212	1555185846287	-2.615	0.978	9.938	1_meter_fast
213	1555185846290	-2.649	0.954	9.916	1_meter_fast
214	1555185846292	-2.656	0.933	9.943	1_meter_fast
215	1555185846294	-2.663	0.928	9.957	1_meter_fast
216	1555185846298	-2.68	0.923	9.921	1_meter_fast
217	1555185846299	-2.658	0.918	9.89	1_meter_fast
218	1555185846301	-2.644	0.887	9.89	1_meter_fast
219	1555185846305	-2.654	0.885	9.871	1_meter_fast
220	1555185846306	-2.649	0.846	9.847	1_meter_fast
221	1555185846312	-2.618	0.849	9.859	1_meter_fast
222	1555185846314	-2.591	0.837	9.842	1_meter_fast
223	1555185846316	-2.555	0.825	9.832	1_meter_fast
224	1555185846319	-2.531	0.827	9.83	1_meter_fast
225	1555185846320	-2.505	0.866	9.847	1_meter_fast
226	1555185846321	-2.452	0.885	9.871	1_meter_fast
227	1555185846322	-2.44	0.894	9.899	1_meter_fast
228	1555185846327	-2.407	0.899	9.928	1_meter_fast
229	1555185846328	-2.359	0.909	9.988	1_meter_fast
230	1555185846331	-2.316	0.925	10.038	1_meter_fast
231	1555185846332	-2.287	0.933	10.086	1_meter_fast
232	1555185846335	-2.278	0.959	10.103	1_meter_fast
233	1555185846338	-2.251	0.973	10.12	1_meter_fast
234	1555185846340	-2.254	0.952	10.117	1_meter_fast
235	1555185846341	-2.263	0.933	10.081	1_meter_fast
236	1555185846346	-2.297	0.959	10.014	1_meter_fast
237	1555185846347	-2.359	0.981	9.926	1_meter_fast
238	1555185846349	-2.381	0.964	9.842	1_meter_fast
239	1555185846352	-2.448	0.959	9.734	1_meter_fast
240	1555185846355	-2.515	0.99	9.65	1_meter_fast
241	1555185846359	-2.598	0.99	9.574	1_meter_fast
242	1555185846360	-2.646	0.99	9.468	1_meter_fast
243	1555185846361	-2.701	1.002	9.428	1_meter_fast
244	1555185846365	-2.759	1.002	9.334	1_meter_fast
245	1555185846366	-2.785	1.024	9.26	1_meter_fast
246	1555185846370	-2.845	1.021	9.212	1_meter_fast
247	1555185846371	-2.859	1.021	9.157	1_meter_fast
248	1555185846375	-2.845	1.038	9.1	1_meter_fast
249	1555185846376	-2.807	1.038	9.018	1_meter_fast
250	1555185846378	-2.756	1.06	8.961	1_meter_fast
251	1555185846381	-2.661	1.131	8.877	1_meter_fast
252	1555185846382	-2.575	1.167	8.774	1_meter_fast
253	1555185846385	-2.467	1.22	8.719	1_meter_fast
254	1555185846387	-2.34	1.241	8.654	1_meter_fast
255	1555185846389	-2.251	1.261	8.575	1_meter_fast
256	1555185846395	-2.172	1.289	8.571	1_meter_fast
257	1555185846396	-2.117	1.287	8.583	1_meter_fast
258	1555185846397	-2.105	1.323	8.733	1_meter_fast
259	1555185846400	-2.06	1.301	8.781	1_meter_fast
260	1555185846402	-2.062	1.251	8.817	1_meter_fast
261	1555185846405	-2.031	1.194	8.858	1_meter_fast
262	1555185846406	-2.036	1.124	8.903	1_meter_fast
263	1555185846409	-2.012	1.055	8.963	1_meter_fast
264	1555185846414	-2.002	0.957	9.057	1_meter_fast
265	1555185846415	-1.974	0.89	9.121	1_meter_fast
266	1555185846416	-1.981	0.794	9.188	1_meter_fast
267	1555185846419	-1.986	0.712	9.287	1_meter_fast
268	1555185846422	-2.002	0.648	9.394	1_meter_fast
269	1555185846423	-2.026	0.559	9.521	1_meter_fast
270	1555185846425	-2.05	0.466	9.638	1_meter_fast
271	1555185846428	-2.079	0.399	9.744	1_meter_fast
272	1555185846434	-2.112	0.322	9.887	1_meter_fast
273	1555185846435	-2.172	0.26	10.005	1_meter_fast
274	1555185846436	-2.211	0.238	10.124	1_meter_fast
275	1555185846437	-2.251	0.207	10.266	1_meter_fast
276	1555185846440	-2.285	0.188	10.359	1_meter_fast
277	1555185846442	-2.292	0.155	10.419	1_meter_fast
278	1555185846445	-2.285	0.207	10.474	1_meter_fast
279	1555185846447	-2.297	0.246	10.512	1_meter_fast
280	1555185846451	-2.261	0.298	10.505	1_meter_fast
281	1555185846452	-2.249	0.368	10.469	1_meter_fast
282	1555185846454	-2.189	0.449	10.393	1_meter_fast
283	1555185846457	-2.134	0.55	10.321	1_meter_fast
284	1555185846459	-2.069	0.672	10.254	1_meter_fast
285	1555185846463	-1.99	0.791	10.168	1_meter_fast
286	1555185846466	-1.909	0.911	10.089	1_meter_fast
287	1555185846467	-1.856	1.012	10.014	1_meter_fast
288	1555185846469	-1.787	1.143	9.921	1_meter_fast
289	1555185846471	-1.703	1.265	9.847	1_meter_fast
290	1555185846475	-1.648	1.368	9.768	1_meter_fast
291	1555185846476	-1.607	1.452	9.691	1_meter_fast
292	1555185846482	-1.547	1.538	9.636	1_meter_fast
293	1555185846483	-1.512	1.613	9.559	1_meter_fast
294	1555185846484	-1.485	1.668	9.485	1_meter_fast
295	1555185846487	-1.452	1.725	9.447	1_meter_fast
296	1555185846488	-1.387	1.763	9.442	1_meter_fast
297	1555185846490	-1.346	1.78	9.409	1_meter_fast
298	1555185846498	-1.337	1.78	9.442	1_meter_fast
299	1555185846499	-1.313	1.739	9.461	1_meter_fast
300	1555185846500	-1.26	1.713	9.49	1_meter_fast
301	1555185846502	-1.219	1.68	9.519	1_meter_fast
302	1555185846505	-1.172	1.651	9.557	1_meter_fast
303	1555185846506	-1.107	1.682	9.655	1_meter_fast
304	1555185846509	-1.059	1.747	9.756	1_meter_fast
305	1555185846510	-0.954	1.799	9.902	1_meter_fast
306	1555185846512	-0.87	1.821	10.022	1_meter_fast
307	1555185846515	-0.796	1.804	10.144	1_meter_fast
308	1555185846517	-0.765	1.73	10.285	1_meter_fast
309	1555185846519	-0.729	1.586	10.409	1_meter_fast
310	1555185846521	-0.717	1.416	10.558	1_meter_fast
311	1555185846527	-0.702	1.16	10.756	1_meter_fast
312	1555185846529	-0.647	0.933	10.938	1_meter_fast
313	1555185846530	-0.616	0.77	11.113	1_meter_fast
314	1555185846531	-0.559	0.643	11.281	1_meter_fast
315	1555185846534	-0.559	0.54	11.46	1_meter_fast
316	1555185846539	-0.585	0.49	11.609	1_meter_fast
317	1555185846540	-0.666	0.439	11.755	1_meter_fast
318	1555185846541	-0.717	0.334	11.851	1_meter_fast
319	1555185846545	-0.774	0.253	11.879	1_meter_fast
320	1555185846546	-0.939	0.262	11.872	1_meter_fast
321	1555185846548	-1.138	0.236	11.87	1_meter_fast
322	1555185846550	-1.212	0.109	11.769	1_meter_fast
323	1555185846554	-1.212	-0.011	11.527	1_meter_fast
324	1555185846556	-1.181	-0.075	11.29	1_meter_fast
325	1555185846558	-1.179	-0.176	11.077	1_meter_fast
326	1555185846559	-1.133	-0.257	10.847	1_meter_fast
327	1555185846562	-1.124	-0.319	10.627	1_meter_fast
328	1555185846567	-1.057	-0.324	10.469	1_meter_fast
329	1555185846568	-0.975	-0.293	10.354	1_meter_fast
330	1555185846570	-0.908	-0.236	10.335	1_meter_fast
331	1555185846572	-0.803	-0.14	10.292	1_meter_fast
332	1555185846576	-0.729	-0.02	10.266	1_meter_fast
333	1555185846577	-0.633	0.099	10.247	1_meter_fast
334	1555185846579	-0.583	0.219	10.232	1_meter_fast
335	1555185846581	-0.544	0.353	10.309	1_meter_fast
336	1555185846585	-0.523	0.499	10.369	1_meter_fast
337	1555185846586	-0.518	0.624	10.445	1_meter_fast
338	1555185846588	-0.528	0.748	10.536	1_meter_fast
339	1555185846591	-0.552	0.868	10.62	1_meter_fast
340	1555185846593	-0.556	0.964	10.711	1_meter_fast
341	1555185846595	-0.631	1.021	10.802	1_meter_fast
342	1555185846599	-0.669	1.091	10.847	1_meter_fast
343	1555185846600	-0.681	1.083	10.828	1_meter_fast
344	1555185846605	-0.674	1.098	10.816	1_meter_fast
345	1555185846606	-0.688	1.055	10.699	1_meter_fast
346	1555185846607	-0.705	0.992	10.567	1_meter_fast
347	1555185846611	-0.733	1.007	10.431	1_meter_fast
348	1555185846614	-0.82	1.086	10.328	1_meter_fast
349	1555185846615	-0.891	1.086	10.211	1_meter_fast
350	1555185846617	-0.908	1.069	10.053	1_meter_fast
351	1555185846620	-0.853	0.952	9.89	1_meter_fast
352	1555185846624	-0.81	0.894	9.713	1_meter_fast
353	1555185846625	-0.726	0.787	9.557	1_meter_fast
354	1555185846626	-0.643	0.655	9.406	1_meter_fast
355	1555185846634	-0.542	0.609	9.291	1_meter_fast
356	1555185846635	-0.444	0.518	9.176	1_meter_fast
357	1555185846636	-0.384	0.423	9.176	1_meter_fast
358	1555185846637	-0.386	0.32	9.164	1_meter_fast
359	1555185846638	-0.403	0.234	9.277	1_meter_fast
360	1555185846643	-0.432	0.193	9.433	1_meter_fast
361	1555185846644	-0.444	0.176	9.648	1_meter_fast
362	1555185846646	-0.494	0.449	9.947	1_meter_fast
363	1555185846649	-0.501	0.894	10.27	1_meter_fast
364	1555185846650	-0.489	1.23	10.551	1_meter_fast
365	1555185846654	-0.48	1.452	10.745	1_meter_fast
366	1555185846655	-0.444	1.49	10.855	1_meter_fast
367	1555185846658	-0.408	1.371	10.838	1_meter_fast
368	1555185846662	-0.396	1.098	10.761	1_meter_fast
369	1555185846663	-0.403	0.66	10.728	1_meter_fast
370	1555185846665	-0.427	0.155	10.675	1_meter_fast
371	1555185846669	-0.377	-0.236	10.613	1_meter_fast
372	1555185846671	-0.362	-0.535	10.567	1_meter_fast
373	1555185846672	-0.326	-0.738	10.531	1_meter_fast
374	1555185846676	-0.236	-0.846	10.517	1_meter_fast
375	1555185846677	-0.128	-0.908	10.519	1_meter_fast
376	1555185846680	0.03	-0.923	10.484	1_meter_fast
377	1555185846681	0.157	-0.94	10.462	1_meter_fast
378	1555185846685	0.243	-0.995	10.412	1_meter_fast
379	1555185846689	0.282	-1.035	10.354	1_meter_fast
380	1555185846690	0.282	-1.031	10.328	1_meter_fast
381	1555185846692	0.272	-0.985	10.311	1_meter_fast
382	1555185846694	0.241	-0.858	10.273	1_meter_fast
383	1555185846696	0.265	-0.662	10.211	1_meter_fast
384	1555185846699	0.325	-0.415	10.081	1_meter_fast
385	1555185846701	0.428	-0.171	9.916	1_meter_fast
386	1555185846705	0.533	0.078	9.715	1_meter_fast
387	1555185846706	0.607	0.356	9.519	1_meter_fast
388	1555185846712	0.636	0.588	9.308	1_meter_fast
389	1555185846715	0.638	0.758	9.15	1_meter_fast
390	1555185846716	0.614	0.892	8.968	1_meter_fast
391	1555185846718	0.571	0.99	8.786	1_meter_fast
392	1555185846719	0.564	1.115	8.599	1_meter_fast
393	1555185846721	0.519	1.127	8.444	1_meter_fast
394	1555185846722	0.432	1.165	8.324	1_meter_fast
395	1555185846727	0.329	1.215	8.281	1_meter_fast
396	1555185846728	0.258	1.208	8.243	1_meter_fast
397	1555185846729	0.186	1.22	8.233	1_meter_fast
398	1555185846733	0.104	1.201	8.259	1_meter_fast
399	1555185846734	0.018	1.158	8.315	1_meter_fast
400	1555185846740	-0.034	1.103	8.42	1_meter_fast
401	1555185846741	-0.185	1.038	8.583	1_meter_fast
402	1555185846742	-0.348	0.985	8.781	1_meter_fast
403	1555185846745	-0.487	0.913	8.947	1_meter_fast
404	1555185846747	-0.621	0.811	9.107	1_meter_fast
405	1555185846749	-0.731	0.657	9.255	1_meter_fast
406	1555185846751	-0.786	0.538	9.354	1_meter_fast
407	1555185846754	-0.805	0.411	9.404	1_meter_fast
408	1555185846757	-0.774	0.305	9.476	1_meter_fast
409	1555185846760	-0.7	0.231	9.507	1_meter_fast
410	1555185846761	-0.609	0.2	9.476	1_meter_fast
411	1555185846765	-0.496	0.145	9.457	1_meter_fast
412	1555185846766	-0.394	0.099	9.421	1_meter_fast
413	1555185846768	-0.259	0.056	9.397	1_meter_fast
414	1555185846770	-0.173	0.018	9.361	1_meter_fast
415	1555185846773	-0.099	-0.049	9.322	1_meter_fast
416	1555185846777	-0.027	-0.099	9.294	1_meter_fast
417	1555185846778	0.049	-0.166	9.272	1_meter_fast
418	1555185846780	0.131	-0.228	9.229	1_meter_fast
419	1555185846783	0.191	-0.272	9.191	1_meter_fast
420	1555185846785	0.227	-0.272	9.14	1_meter_fast
421	1555185846788	0.296	-0.315	9.124	1_meter_fast
422	1555185846789	0.325	-0.319	9.14	1_meter_fast
423	1555185846794	0.38	-0.31	9.138	1_meter_fast
424	1555185846796	0.423	-0.296	9.114	1_meter_fast
425	1555185846797	0.442	-0.269	9.035	1_meter_fast
426	1555185846799	0.526	-0.276	8.961	1_meter_fast
427	1555185846802	0.562	-0.255	8.836	1_meter_fast
428	1555185846804	0.598	-0.224	8.757	1_meter_fast
429	1555185846806	0.655	-0.2	8.695	1_meter_fast
430	1555185846809	0.648	-0.138	8.688	1_meter_fast
431	1555185846811	0.643	-0.097	8.738	1_meter_fast
432	1555185846815	0.66	-0.03	8.757	1_meter_fast
433	1555185846816	0.65	0.028	8.801	1_meter_fast
434	1555185846819	0.674	0.109	8.836	1_meter_fast
435	1555185846821	0.672	0.2	8.858	1_meter_fast
436	1555185846823	0.72	0.26	8.901	1_meter_fast
437	1555185846826	0.741	0.365	8.959	1_meter_fast
438	1555185846827	0.818	0.471	8.987	1_meter_fast
439	1555185846830	0.856	0.581	9.047	1_meter_fast
440	1555185846834	0.916	0.696	9.076	1_meter_fast
441	1555185846836	0.942	0.77	9.14	1_meter_fast
442	1555185846838	0.962	0.851	9.277	1_meter_fast
443	1555185846839	0.952	0.942	9.423	1_meter_fast
444	1555185846844	0.93	1.009	9.619	1_meter_fast
445	1555185846845	0.873	1.088	9.801	1_meter_fast
446	1555185846847	0.801	1.11	9.95	1_meter_fast
447	1555185846850	0.756	1.119	10.108	1_meter_fast
448	1555185846853	0.72	1.1	10.196	1_meter_fast
449	1555185846855	0.729	1.076	10.249	1_meter_fast
450	1555185846856	0.734	1.024	10.208	1_meter_fast
451	1555185846859	0.746	0.978	10.151	1_meter_fast
452	1555185846861	0.765	0.911	10.072	1_meter_fast
453	1555185846865	0.772	0.803	10.024	1_meter_fast
454	1555185846867	0.777	0.698	9.907	1_meter_fast
455	1555185846868	0.772	0.619	9.739	1_meter_fast
456	1555185846872	0.758	0.533	9.605	1_meter_fast
457	1555185846873	0.725	0.449	9.478	1_meter_fast
458	1555185846875	0.684	0.353	9.392	1_meter_fast
459	1555185846880	0.665	0.308	9.236	1_meter_fast
460	1555185846881	0.619	0.277	9.133	1_meter_fast
461	1555185846883	0.605	0.258	9.016	1_meter_fast
462	1555185846885	0.581	0.229	8.884	1_meter_fast
463	1555185846889	0.559	0.229	8.791	1_meter_fast
464	1555185846891	0.511	0.2	8.71	1_meter_fast
465	1555185846892	0.499	0.195	8.64	1_meter_fast
466	1555185846895	0.449	0.179	8.554	1_meter_fast
467	1555185846898	0.444	0.205	8.48	1_meter_fast
468	1555185846899	0.452	0.212	8.386	1_meter_fast
469	1555185846903	0.464	0.183	8.298	1_meter_fast
470	1555185846905	0.488	0.193	8.207	1_meter_fast
471	1555185846906	0.507	0.207	8.097	1_meter_fast
472	1555185846911	0.499	0.2	7.967	1_meter_fast
473	1555185846913	0.466	0.214	7.905	1_meter_fast
474	1555185846916	0.456	0.231	7.864	1_meter_fast
475	1555185846917	0.432	0.238	7.869	1_meter_fast
476	1555185846920	0.447	0.269	7.905	1_meter_fast
477	1555185846922	0.48	0.315	7.994	1_meter_fast
478	1555185846924	0.511	0.332	8.116	1_meter_fast
479	1555185846926	0.538	0.368	8.281	1_meter_fast
480	1555185846929	0.581	0.401	8.484	1_meter_fast
481	1555185846930	0.602	0.435	8.681	1_meter_fast
482	1555185846933	0.619	0.451	8.87	1_meter_fast
483	1555185846935	0.662	0.451	9.059	1_meter_fast
484	1555185846938	0.693	0.468	9.219	1_meter_fast
485	1555185846940	0.703	0.487	9.392	1_meter_fast
486	1555185846946	0.751	0.456	9.543	1_meter_fast
487	1555185846947	0.736	0.42	9.691	1_meter_fast
488	1555185846950	0.736	0.392	9.832	1_meter_fast
489	1555185846951	0.672	0.337	10.036	1_meter_fast
490	1555185846952	0.588	0.267	10.232	1_meter_fast
491	1555185846955	0.531	0.222	10.426	1_meter_fast
492	1555185846957	0.523	0.107	10.589	1_meter_fast
493	1555185846962	0.519	0.073	10.737	1_meter_fast
494	1555185846963	0.545	0.032	10.821	1_meter_fast
495	1555185846964	0.559	-0.015	10.874	1_meter_fast
496	1555185846967	0.598	-0.066	10.871	1_meter_fast
497	1555185846969	0.622	-0.128	10.812	1_meter_fast
498	1555185846971	0.622	-0.166	10.759	1_meter_fast
499	1555185846975	0.602	-0.197	10.699	1_meter_fast
500	1555185846976	0.569	-0.233	10.603	1_meter_fast
501	1555185846979	0.567	-0.279	10.491	1_meter_fast
502	1555185846980	0.523	-0.291	10.354	1_meter_fast
503	1555185846983	0.509	-0.257	10.23	1_meter_fast
504	1555185846986	0.502	-0.24	10.112	1_meter_fast
505	1555185846988	0.502	-0.181	9.983	1_meter_fast
506	1555185846991	0.473	-0.128	9.902	1_meter_fast
507	1555185846993	0.473	-0.085	9.84	1_meter_fast
508	1555185846995	0.464	-0.035	9.763	1_meter_fast
509	1555185846997	0.456	-0.001	9.729	1_meter_fast
510	1555185847000	0.37	0.032	9.715	1_meter_fast
511	1555185847002	0.341	0.035	9.72	1_meter_fast
512	1555185847006	0.289	0.018	9.737	1_meter_fast
513	1555185847007	0.21	-0.011	9.744	1_meter_fast
514	1555185847010	0.176	-0.061	9.777	1_meter_fast
515	1555185847012	0.145	-0.094	9.852	1_meter_fast
516	1555185847015	0.102	-0.126	9.88	1_meter_fast
517	1555185847017	0.071	-0.164	9.911	1_meter_fast
518	1555185847019	0.03	-0.178	9.907	1_meter_fast
519	1555185847021	-0.001	-0.197	9.868	1_meter_fast
520	1555185847024	-0.008	-0.255	9.861	1_meter_fast
521	1555185847027	-0.032	-0.31	9.828	1_meter_fast
522	1555185847028	-0.037	-0.341	9.856	1_meter_fast
523	1555185847032	-0.02	-0.334	9.863	1_meter_fast
524	1555185847034	-0.025	-0.353	9.911	1_meter_fast
525	1555185847036	-0.015	-0.353	9.971	1_meter_fast
526	1555185847039	0.002	-0.387	10.029	1_meter_fast
527	1555185847040	0.006	-0.422	10.098	1_meter_fast
528	1555185847048	0.018	-0.439	10.18	1_meter_fast
529	1555185847049	0.033	-0.473	10.235	1_meter_fast
530	1555185847050	0.076	-0.473	10.244	1_meter_fast
531	1555185847051	0.188	-0.442	10.302	1_meter_fast
532	1555185847054	0.279	-0.389	10.342	1_meter_fast
533	1555185847056	0.373	-0.319	10.405	1_meter_fast
534	1555185847058	0.444	-0.267	10.527	1_meter_fast
535	1555185847060	0.516	-0.214	10.654	1_meter_fast
536	1555185847064	0.555	-0.142	10.761	1_meter_fast
537	1555185847065	0.605	-0.114	10.833	1_meter_fast
538	1555185847067	0.626	-0.042	10.891	1_meter_fast
539	1555185847071	0.677	-0.006	10.965	1_meter_fast
540	1555185847073	0.674	0.052	11.041	1_meter_fast
541	1555185847075	0.701	0.099	11.123	1_meter_fast
542	1555185847078	0.703	0.114	11.209	1_meter_fast
543	1555185847079	0.703	0.162	11.283	1_meter_fast
544	1555185847082	0.744	0.188	11.343	1_meter_fast
545	1555185847084	0.77	0.171	11.396	1_meter_fast
546	1555185847086	0.801	0.217	11.42	1_meter_fast
547	1555185847090	0.859	0.231	11.444	1_meter_fast
548	1555185847092	0.914	0.253	11.444	1_meter_fast
549	1555185847094	0.99	0.246	11.415	1_meter_fast
550	1555185847096	1.029	0.255	11.326	1_meter_fast
551	1555185847098	1.076	0.26	11.207	1_meter_fast
552	1555185847101	1.098	0.279	11.108	1_meter_fast
553	1555185847104	1.127	0.308	10.977	1_meter_fast
554	1555185847105	1.132	0.365	10.857	1_meter_fast
555	1555185847109	1.112	0.413	10.742	1_meter_fast
556	1555185847110	1.143	0.487	10.63	1_meter_fast
557	1555185847115	1.1	0.562	10.519	1_meter_fast
558	1555185847116	1.072	0.629	10.45	1_meter_fast
559	1555185847118	1.038	0.693	10.4	1_meter_fast
560	1555185847119	0.988	0.739	10.335	1_meter_fast
561	1555185847122	0.945	0.76	10.318	1_meter_fast
562	1555185847125	0.849	0.744	10.304	1_meter_fast
563	1555185847127	0.792	0.698	10.28	1_meter_fast
564	1555185847129	0.732	0.665	10.273	1_meter_fast
565	1555185847133	0.65	0.609	10.242	1_meter_fast
566	1555185847135	0.567	0.54	10.223	1_meter_fast
567	1555185847136	0.485	0.444	10.189	1_meter_fast
568	1555185847140	0.363	0.375	10.182	1_meter_fast
569	1555185847141	0.234	0.231	10.163	1_meter_fast
570	1555185847146	0.1	0.071	10.115	1_meter_fast
571	1555185847147	-0.051	-0.085	10.072	1_meter_fast
572	1555185847148	-0.188	-0.228	9.974	1_meter_fast
573	1555185847152	-0.348	-0.427	9.899	1_meter_fast
574	1555185847154	-0.47	-0.619	9.796	1_meter_fast
575	1555185847156	-0.568	-0.772	9.672	1_meter_fast
576	1555185847159	-0.645	-0.899	9.552	1_meter_fast
577	1555185847161	-0.733	-1.007	9.401	1_meter_fast
578	1555185847164	-0.834	-1.088	9.318	1_meter_fast
579	1555185847165	-0.906	-1.117	9.291	1_meter_fast
580	1555185847168	-0.975	-1.112	9.287	1_meter_fast
581	1555185847170	-1.004	-1.081	9.349	1_meter_fast
582	1555185847173	-0.99	-1.016	9.435	1_meter_fast
583	1555185847175	-0.963	-0.923	9.579	1_meter_fast
584	1555185847180	-0.877	-0.798	9.696	1_meter_fast
585	1555185847181	-0.808	-0.719	9.828	1_meter_fast
586	1555185847182	-0.714	-0.624	9.959	1_meter_fast
587	1555185847185	-0.597	-0.561	10.091	1_meter_fast
588	1555185847188	-0.432	-0.485	10.182	1_meter_fast
589	1555185847189	-0.259	-0.408	10.249	1_meter_fast
590	1555185847195	-0.087	-0.377	10.261	1_meter_fast
591	1555185847197	0.064	-0.398	10.225	1_meter_fast
592	1555185847200	0.219	-0.401	10.139	1_meter_fast
593	1555185847201	0.315	-0.439	10.062	1_meter_fast
594	1555185847202	0.394	-0.458	9.914	1_meter_fast
595	1555185847205	0.418	-0.499	9.72	1_meter_fast
596	1555185847206	0.399	-0.549	9.538	1_meter_fast
597	1555185847214	0.356	-0.585	9.337	1_meter_fast
598	1555185847215	0.279	-0.626	9.16	1_meter_fast
599	1555185847217	0.2	-0.612	8.966	1_meter_fast
600	1555185847219	0.136	-0.614	8.779	1_meter_fast
601	1555185847220	0.066	-0.568	8.65	1_meter_fast
602	1555185847221	-0.034	-0.54	8.547	1_meter_fast
603	1555185847222	-0.111	-0.537	8.506	1_meter_fast
604	1555185847228	-0.209	-0.513	8.484	1_meter_fast
605	1555185847229	-0.293	-0.516	8.511	1_meter_fast
606	1555185847231	-0.413	-0.518	8.564	1_meter_fast
607	1555185847233	-0.477	-0.556	8.631	1_meter_fast
608	1555185847236	-0.535	-0.568	8.702	1_meter_fast
609	1555185847237	-0.568	-0.635	8.805	1_meter_fast
610	1555185847239	-0.599	-0.645	8.932	1_meter_fast
611	1555185847242	-0.59	-0.655	9.059	1_meter_fast
612	1555185847244	-0.578	-0.604	9.212	1_meter_fast
613	1555185847247	-0.504	-0.537	9.397	1_meter_fast
614	1555185847250	-0.42	-0.463	9.615	1_meter_fast
615	1555185847251	-0.367	-0.363	9.928	1_meter_fast
616	1555185847258	-0.286	-0.248	10.244	1_meter_fast
617	1555185847260	-0.219	-0.169	10.575	1_meter_fast
618	1555185847261	-0.118	-0.09	10.869	1_meter_fast
619	1555185847262	-0.015	-0.049	11.065	1_meter_fast
620	1555185847264	0.114	0.018	11.226	1_meter_fast
621	1555185847265	0.229	0.035	11.324	1_meter_fast
622	1555185847268	0.337	0.047	11.41	1_meter_fast
623	1555185847271	0.416	0.006	11.441	1_meter_fast
624	1555185847273	0.509	0.001	11.374	1_meter_fast
625	1555185847278	0.557	0.004	11.286	1_meter_fast
626	1555185847279	0.598	-0.032	11.144	1_meter_fast
627	1555185847280	0.626	-0.066	10.972	1_meter_fast
628	1555185847284	0.598	-0.104	10.788	1_meter_fast
629	1555185847285	0.562	-0.138	10.582	1_meter_fast
630	1555185847288	0.514	-0.173	10.395	1_meter_fast
631	1555185847289	0.468	-0.161	10.22	1_meter_fast
632	1555185847293	0.44	-0.185	10.045	1_meter_fast
633	1555185847294	0.416	-0.169	9.892	1_meter_fast
634	1555185847298	0.38	-0.183	9.763	1_meter_fast
635	1555185847299	0.368	-0.176	9.612	1_meter_fast
636	1555185847302	0.315	-0.181	9.471	1_meter_fast
637	1555185847305	0.286	-0.166	9.346	1_meter_fast
638	1555185847306	0.25	-0.159	9.241	1_meter_fast
639	1555185847310	0.236	-0.126	9.14	1_meter_fast
640	1555185847311	0.27	-0.075	9.059	1_meter_fast
641	1555185847314	0.301	-0.02	9.047	1_meter_fast
642	1555185847318	0.375	0.049	9.073	1_meter_fast
643	1555185847319	0.432	0.109	9.119	1_meter_fast
644	1555185847323	0.511	0.212	9.234	1_meter_fast
645	1555185847324	0.6	0.286	9.416	1_meter_fast
646	1555185847326	0.736	0.353	9.619	1_meter_fast
647	1555185847329	0.861	0.451	9.863	1_meter_fast
648	1555185847331	0.962	0.511	10.124	1_meter_fast
649	1555185847333	1.029	0.593	10.421	1_meter_fast
650	1555185847336	1.067	0.641	10.764	1_meter_fast
651	1555185847338	1.117	0.629	11.08	1_meter_fast
652	1555185847339	1.115	0.602	11.384	1_meter_fast
653	1555185847344	1.074	0.566	11.614	1_meter_fast
654	1555185847348	1.045	0.492	11.786	1_meter_fast
655	1555185847350	1.026	0.425	11.903	1_meter_fast
656	1555185847351	0.966	0.387	11.946	1_meter_fast
657	1555185847352	0.962	0.353	11.97	1_meter_fast
658	1555185847355	0.928	0.32	11.896	1_meter_fast
659	1555185847357	0.923	0.291	11.798	1_meter_fast
660	1555185847359	0.878	0.274	11.659	1_meter_fast
661	1555185847362	0.863	0.246	11.465	1_meter_fast
662	1555185847364	0.83	0.226	11.29	1_meter_fast
663	1555185847366	0.808	0.229	11.101	1_meter_fast
664	1555185847370	0.763	0.21	10.922	1_meter_fast
665	1555185847371	0.756	0.222	10.752	1_meter_fast
666	1555185847373	0.758	0.246	10.639	1_meter_fast
667	1555185847376	0.765	0.308	10.567	1_meter_fast
668	1555185847378	0.804	0.348	10.488	1_meter_fast
669	1555185847380	0.873	0.435	10.472	1_meter_fast
670	1555185847384	0.964	0.528	10.414	1_meter_fast
671	1555185847385	1.062	0.619	10.378	1_meter_fast
672	1555185847388	1.191	0.722	10.29	1_meter_fast
673	1555185847392	1.342	0.827	10.17	1_meter_fast
674	1555185847394	1.531	0.923	10.112	1_meter_fast
675	1555185847395	1.756	1.052	10	1_meter_fast
676	1555185847400	1.953	1.167	9.926	1_meter_fast
677	1555185847401	2.13	1.234	9.868	1_meter_fast
678	1555185847402	2.245	1.325	9.89	1_meter_fast
679	1555185847405	2.364	1.359	9.923	1_meter_fast
680	1555185847407	2.415	1.383	9.99	1_meter_fast
681	1555185847409	2.451	1.364	10.12	1_meter_fast
682	1555185847411	2.455	1.328	10.225	1_meter_fast
683	1555185847414	2.451	1.27	10.354	1_meter_fast
684	1555185847416	2.441	1.155	10.436	1_meter_fast
685	1555185847420	2.405	1.06	10.484	1_meter_fast
686	1555185847422	2.41	0.961	10.539	1_meter_fast
687	1555185847424	2.42	0.846	10.527	1_meter_fast
688	1555185847426	2.41	0.772	10.488	1_meter_fast
689	1555185847429	2.42	0.7	10.407	1_meter_fast
690	1555185847431	2.42	0.638	10.28	1_meter_fast
691	1555185847433	2.396	0.576	10.158	1_meter_fast
692	1555185847435	2.391	0.518	10.005	1_meter_fast
693	1555185847438	2.388	0.492	9.847	1_meter_fast
694	1555185847440	2.372	0.48	9.682	1_meter_fast
695	1555185847443	2.388	0.451	9.504	1_meter_fast
696	1555185847446	2.379	0.449	9.33	1_meter_fast
697	1555185847447	2.374	0.456	9.186	1_meter_fast
698	1555185847450	2.393	0.459	9.064	1_meter_fast
699	1555185847452	2.41	0.526	8.97	1_meter_fast
700	1555185847455	2.432	0.6	8.923	1_meter_fast
701	1555185847460	2.46	0.665	8.906	1_meter_fast
702	1555185847461	2.463	0.724	8.899	1_meter_fast
703	1555185847462	2.489	0.799	8.942	1_meter_fast
704	1555185847466	2.451	0.834	9.05	1_meter_fast
705	1555185847467	2.384	0.83	9.184	1_meter_fast
706	1555185847470	2.307	0.83	9.342	1_meter_fast
707	1555185847471	2.214	0.82	9.509	1_meter_fast
708	1555185847476	2.149	0.799	9.734	1_meter_fast
709	1555185847477	2.135	0.808	9.926	1_meter_fast
710	1555185847478	2.123	0.815	10.084	1_meter_fast
711	1555185847482	2.142	0.818	10.196	1_meter_fast
712	1555185847485	2.139	0.837	10.292	1_meter_fast
713	1555185847486	2.147	0.837	10.376	1_meter_fast
714	1555185847489	2.125	0.823	10.405	1_meter_fast
715	1555185847490	2.113	0.803	10.414	1_meter_fast
716	1555185847496	2.077	0.83	10.397	1_meter_fast
717	1555185847498	2.06	0.823	10.4	1_meter_fast
718	1555185847500	2.041	0.858	10.381	1_meter_fast
719	1555185847502	1.965	0.842	10.443	1_meter_fast
720	1555185847504	1.91	0.861	10.519	1_meter_fast
721	1555185847505	1.831	0.882	10.615	1_meter_fast
722	1555185847511	1.768	0.897	10.761	1_meter_fast
723	1555185847512	1.704	0.851	10.84	1_meter_fast
724	1555185847513	1.661	0.844	10.938	1_meter_fast
725	1555185847514	1.598	0.791	10.982	1_meter_fast
726	1555185847519	1.579	0.744	11.008	1_meter_fast
727	1555185847520	1.548	0.684	11.005	1_meter_fast
728	1555185847523	1.536	0.605	10.934	1_meter_fast
729	1555185847524	1.512	0.526	10.85	1_meter_fast
730	1555185847527	1.5	0.432	10.73	1_meter_fast
731	1555185847530	1.479	0.327	10.579	1_meter_fast
732	1555185847532	1.474	0.21	10.402	1_meter_fast
733	1555185847534	10.004	-3.365	16.782	1_meter_fast
734	1555185847536	30.198	-10.614	29.325	1_meter_fast
735	1555185847538	18.18	-5.12	17.367	1_meter_fast
736	1555185847542	-1.533	-0.451	7.991	1_meter_fast
737	1555185847544	-6.384	2.175	3.794	1_meter_fast
738	1555185847546	-5.768	2.982	3.624	1_meter_fast
739	1555185847549	-5.459	3.552	4.008	1_meter_fast
740	1555185847550	-5.175	3.794	4.551	1_meter_fast
741	1555185847553	-4.617	3.851	5.183	1_meter_fast
742	1555185847556	-2.833	3.339	6.576	1_meter_fast
743	1555185847557	8.249	-1.253	17.489	1_meter_fast
744	1555185847562	12.317	-3.03	19.622	1_meter_fast
745	1555185847563	4.601	-0.662	11.92	1_meter_fast
746	1555185847564	-2.725	2.209	4.264	1_meter_fast
747	1555185847567	-3.274	2.879	3.021	1_meter_fast
748	1555185847569	-0.276	1.665	6.44	1_meter_fast
749	1555185847572	2.676	0.135	10.476	1_meter_fast
750	1555185847575	3.641	-0.542	11.721	1_meter_fast
751	1555185847576	2.171	0.073	10.038	1_meter_fast
752	1555185847582	0.655	0.992	8.212	1_meter_fast
753	1555185847583	0.693	1.392	8.226	1_meter_fast
754	1555185847584	1.615	1.158	9.251	1_meter_fast
755	1555185847586	2.094	0.897	9.94	1_meter_fast
756	1555185847588	1.723	0.913	9.919	1_meter_fast
757	1555185847592	1.139	1.095	9.5	1_meter_fast
758	1555185847594	0.832	1.174	9.356	1_meter_fast
759	1555185847596	0.983	1.131	9.775	1_meter_fast
760	1555185847599	1.227	0.959	10.309	1_meter_fast
761	1555185847601	1.22	1.007	10.589	1_meter_fast
762	1555185847603	0.844	1.311	10.249	1_meter_fast
763	1555185847606	0.547	1.536	9.852	1_meter_fast
764	1555185847610	0.471	1.56	9.892	1_meter_fast
765	1555185847611	0.617	1.404	10.352	1_meter_fast
766	1555185847613	0.65	1.253	10.584	1_meter_fast
767	1555185847616	0.471	1.119	10.517	1_meter_fast
768	1555185847619	0.224	1.098	10.036	1_meter_fast
769	1555185847620	0.085	1.012	9.737	1_meter_fast
770	1555185847623	-0.037	0.82	9.655	1_meter_fast
771	1555185847624	-0.003	0.574	9.849	1_meter_fast
772	1555185847630	-0.113	0.454	9.789	1_meter_fast
773	1555185847631	-0.286	0.325	9.583	1_meter_fast
774	1555185847634	-0.41	0.169	9.571	1_meter_fast
775	1555185847636	-0.566	0.059	9.394	1_meter_fast
776	1555185847638	-0.659	-0.102	9.315	1_meter_fast
777	1555185847639	-0.616	-0.317	9.679	1_meter_fast
778	1555185847641	-0.631	-0.477	9.95	1_meter_fast
779	1555185847645	-0.698	-0.664	10.043	1_meter_fast
780	1555185847647	-0.827	-0.796	9.976	1_meter_fast
781	1555185847648	-0.963	-0.913	9.945	1_meter_fast
782	1555185847652	-1.102	-1.102	10.292	1_meter_fast
783	1555185847656	-1.287	-1.167	10.371	1_meter_fast
784	1555185847657	-1.44	-1.268	10.63	1_meter_fast
785	1555185847658	-1.557	-1.385	11.051	1_meter_fast
786	1555185847662	-1.727	-1.414	11.221	1_meter_fast
787	1555185847665	-1.832	-1.459	11.446	1_meter_fast
788	1555185847666	-1.94	-1.449	11.681	1_meter_fast
789	1555185847668	-2.086	-1.421	11.661	1_meter_fast
790	1555185847672	-2.189	-1.428	11.98	1_meter_fast
791	1555185847673	-2.259	-1.476	12.289	1_meter_fast
792	1555185847677	-2.259	-1.512	12.463	1_meter_fast
793	1555185847678	-2.244	-1.567	12.54	1_meter_fast
794	1555185847680	-2.232	-1.622	12.499	1_meter_fast
795	1555185847682	-2.237	-1.675	12.305	1_meter_fast
796	1555185847685	-2.249	-1.732	12.097	1_meter_fast
797	1555185847690	-2.278	-1.763	11.867	1_meter_fast
798	1555185847691	-2.292	-1.782	11.63	1_meter_fast
799	1555185847692	-2.335	-1.811	11.355	1_meter_fast
800	1555185847697	-2.369	-1.809	11.084	1_meter_fast
801	1555185847698	-2.393	-1.828	10.797	1_meter_fast
802	1555185847699	-2.376	-1.813	10.484	1_meter_fast
803	1555185847701	-2.39	-1.787	10.213	1_meter_fast
804	1555185847704	-2.335	-1.754	9.875	1_meter_fast
805	1555185847707	-2.244	-1.66	9.543	1_meter_fast
806	1555185847710	-2.12	-1.569	9.212	1_meter_fast
807	1555185847711	-2.007	-1.438	8.899	1_meter_fast
808	1555185847716	-1.868	-1.33	8.628	1_meter_fast
809	1555185847717	-1.705	-1.212	8.413	1_meter_fast
810	1555185847718	-1.586	-1.081	8.295	1_meter_fast
811	1555185847721	-1.433	-0.932	8.185	1_meter_fast
812	1555185847722	-1.239	-0.803	8.154	1_meter_fast
813	1555185847727	-1.064	-0.645	8.231	1_meter_fast
814	1555185847728	-0.87	-0.458	8.319	1_meter_fast
815	1555185847732	-0.714	-0.252	8.501	1_meter_fast
816	1555185847733	-0.532	-0.07	8.647	1_meter_fast
817	1555185847735	-0.389	0.099	8.86	1_meter_fast
818	1555185847739	-0.245	0.243	9.071	1_meter_fast
819	1555185847740	-0.092	0.387	9.26	1_meter_fast
820	1555185847744	0.047	0.521	9.421	1_meter_fast
821	1555185847745	0.16	0.617	9.524	1_meter_fast
822	1555185847746	0.27	0.698	9.61	1_meter_fast
823	1555185847750	0.375	0.722	9.65	1_meter_fast
824	1555185847754	0.423	0.791	9.634	1_meter_fast
825	1555185847756	0.49	0.811	9.619	1_meter_fast
826	1555185847757	0.526	0.789	9.619	1_meter_fast
827	1555185847759	0.538	0.744	9.538	1_meter_fast
828	1555185847763	0.504	0.684	9.485	1_meter_fast
829	1555185847764	0.452	0.612	9.399	1_meter_fast
830	1555185847766	0.368	0.535	9.275	1_meter_fast
831	1555185847770	0.25	0.456	9.179	1_meter_fast
832	1555185847771	0.109	0.372	9.073	1_meter_fast
833	1555185847773	-0.101	0.248	9.004	1_meter_fast
834	1555185847775	-0.329	0.138	8.954	1_meter_fast
835	1555185847779	-0.518	0.013	8.932	1_meter_fast
836	1555185847781	-0.678	-0.092	8.944	1_meter_fast
837	1555185847782	-0.808	-0.231	8.987	1_meter_fast
838	1555185847786	-0.542	-0.339	9.346	1_meter_fast
839	1555185847788	3.064	-0.051	13.562	1_meter_fast
840	1555185847790	0.727	0.265	10.938	1_meter_fast
841	1555185847793	-1.641	-0.197	8.154	1_meter_fast
842	1555185847794	-1.631	-0.152	7.917	1_meter_fast
843	1555185847797	-0.937	-0.049	8.499	1_meter_fast
844	1555185847799	1.318	0.327	10.946	1_meter_fast
845	1555185847802	1.194	0.655	10.682	1_meter_fast
846	1555185847805	-0.48	0.372	8.473	1_meter_fast
847	1555185847806	-0.573	0.272	8.08	1_meter_fast
848	1555185847816	0.497	0.463	9.093	1_meter_fast
849	1555185847817	1.46	0.688	10.062	1_meter_fast
850	1555185847818	0.653	0.554	8.954	1_meter_fast
851	1555185847819	0.258	0.399	8.252	1_meter_fast
852	1555185847820	0.794	0.511	8.896	1_meter_fast
853	1555185847821	1.172	0.775	9.377	1_meter_fast
854	1555185847824	0.703	0.7	8.942	1_meter_fast
855	1555185847825	0.401	0.533	8.657	1_meter_fast
856	1555185847830	0.49	0.614	9.03	1_meter_fast
857	1555185847832	0.66	0.684	9.504	1_meter_fast
858	1555185847833	0.514	0.696	9.318	1_meter_fast
859	1555185847835	0.375	0.612	9.083	1_meter_fast
860	1555185847839	0.358	0.597	9.117	1_meter_fast
861	1555185847842	0.404	0.574	9.332	1_meter_fast
862	1555185847843	0.339	0.605	9.15	1_meter_fast
863	1555185847845	0.246	0.581	9.066	1_meter_fast
864	1555185847849	0.301	0.681	9.263	1_meter_fast
865	1555185847851	0.31	0.676	9.457	1_meter_fast
866	1555185847852	0.219	0.679	9.442	1_meter_fast
867	1555185847855	0.267	0.765	9.612	1_meter_fast
868	1555185847856	0.255	0.799	9.782	1_meter_fast
869	1555185847861	0.301	0.911	9.926	1_meter_fast
870	1555185847862	0.301	0.916	9.986	1_meter_fast
871	1555185847864	0.284	0.887	9.986	1_meter_fast
872	1555185847867	0.239	0.839	9.909	1_meter_fast
873	1555185847869	0.112	0.77	9.698	1_meter_fast
874	1555185847871	0.174	0.746	9.72	1_meter_fast
875	1555185847875	0.2	0.703	9.674	1_meter_fast
876	1555185847877	0.162	0.681	9.564	1_meter_fast
877	1555185847879	0.133	0.645	9.397	1_meter_fast
878	1555185847880	0.013	0.562	9.263	1_meter_fast
879	1555185847884	-0.037	0.468	9.275	1_meter_fast
880	1555185847887	-0.077	0.344	9.239	1_meter_fast
881	1555185847888	-0.099	0.205	9.231	1_meter_fast
882	1555185847895	-0.147	0.08	9.131	1_meter_fast
883	1555185847897	-0.161	-0.056	9.05	1_meter_fast
884	1555185847898	-0.209	-0.185	8.918	1_meter_fast
885	1555185847901	-0.247	-0.245	8.808	1_meter_fast
886	1555185847902	-0.322	-0.3	8.748	1_meter_fast
887	1555185847903	-0.367	-0.305	8.671	1_meter_fast
888	1555185847906	-0.434	-0.31	8.611	1_meter_fast
889	1555185847907	-0.556	-0.315	8.678	1_meter_fast
890	1555185847910	-0.674	-0.305	8.791	1_meter_fast
891	1555185847912	-0.805	-0.274	8.903	1_meter_fast
892	1555185847915	-0.882	-0.255	9.05	1_meter_fast
893	1555185847917	-0.932	-0.209	9.167	1_meter_fast
894	1555185847919	-0.935	-0.109	9.265	1_meter_fast
895	1555185847921	-0.889	0.004	9.351	1_meter_fast
896	1555185847925	-0.846	0.123	9.454	1_meter_fast
897	1555185847927	-0.745	0.253	9.591	1_meter_fast
898	1555185847928	-0.623	0.372	9.746	1_meter_fast
899	1555185847933	-0.475	0.523	9.89	1_meter_fast
900	1555185847935	-0.303	0.686	9.993	1_meter_fast
901	1555185847937	-0.123	0.846	10.144	1_meter_fast
902	1555185847939	0.021	0.973	10.235	1_meter_fast
903	1555185847940	0.205	1.119	10.359	1_meter_fast
904	1555185847945	0.363	1.237	10.45	1_meter_fast
905	1555185847946	0.488	1.342	10.484	1_meter_fast
906	1555185847948	0.564	1.416	10.505	1_meter_fast
907	1555185847950	0.667	1.481	10.462	1_meter_fast
908	1555185847953	0.715	1.49	10.407	1_meter_fast
909	1555185847955	0.708	1.507	10.369	1_meter_fast
910	1555185847958	0.705	1.5	10.287	1_meter_fast
911	1555185847961	0.684	1.464	10.208	1_meter_fast
912	1555185847962	0.65	1.459	10.12	1_meter_fast
913	1555185847965	0.595	1.452	10.062	1_meter_fast
914	1555185847967	0.531	1.457	10.031	1_meter_fast
915	1555185847971	0.473	1.431	9.976	1_meter_fast
916	1555185847973	0.406	1.397	9.933	1_meter_fast
917	1555185847975	0.291	1.356	9.926	1_meter_fast
918	1555185847976	0.21	1.313	9.904	1_meter_fast
919	1555185847982	0.107	1.294	9.914	1_meter_fast
920	1555185847984	-0.025	1.253	9.933	1_meter_fast
921	1555185847985	-0.137	1.146	9.962	1_meter_fast
922	1555185847986	-0.24	1.088	10.01	1_meter_fast
923	1555185847988	-0.312	1.04	10.038	1_meter_fast
924	1555185847992	-0.348	1.112	10.103	1_meter_fast
925	1555185847993	-0.362	1.119	10.11	1_meter_fast
926	1555185847997	-0.291	1.179	10.168	1_meter_fast
927	1555185847998	-0.178	1.258	10.172	1_meter_fast
928	1555185848003	-0.01	1.366	10.218	1_meter_fast
929	1555185848004	0.114	1.455	10.232	1_meter_fast
930	1555185848006	0.262	1.529	10.208	1_meter_fast
931	1555185848007	0.394	1.584	10.189	1_meter_fast
932	1555185848010	0.507	1.663	10.163	1_meter_fast
933	1555185848013	0.588	1.699	10.112	1_meter_fast
934	1555185848016	0.66	1.725	10.043	1_meter_fast
935	1555185848017	0.657	1.742	9.969	1_meter_fast
936	1555185848021	0.653	1.723	9.866	1_meter_fast
937	1555185848022	0.636	1.684	9.787	1_meter_fast
938	1555185848024	0.6	1.689	9.66	1_meter_fast
939	1555185848027	0.516	1.66	9.514	1_meter_fast
940	1555185848029	0.435	1.653	9.406	1_meter_fast
941	1555185848033	0.325	1.615	9.303	1_meter_fast
942	1555185848035	0.191	1.572	9.239	1_meter_fast
943	1555185848036	0.059	1.49	9.229	1_meter_fast
944	1555185848039	-0.087	1.402	9.27	1_meter_fast
945	1555185848041	-0.233	1.263	9.315	1_meter_fast
946	1555185848047	-0.355	1.131	9.425	1_meter_fast
947	1555185848050	-0.444	1.004	9.512	1_meter_fast
948	1555185848051	-0.528	0.842	9.646	1_meter_fast
949	1555185848052	-0.552	0.734	9.737	1_meter_fast
950	1555185848053	0.085	0.413	13.39	1_meter_fast
951	1555185848056	0.681	-0.255	16.452	1_meter_fast
952	1555185848060	-0.039	-0.085	10.553	1_meter_fast
953	1555185848061	-0.767	0.437	8.365	1_meter_fast
954	1555185848062	-0.82	0.638	8.575	1_meter_fast
955	1555185848066	-0.281	0.803	11.252	1_meter_fast
956	1555185848068	0.131	0.902	12.119	1_meter_fast
957	1555185848070	0.083	0.636	10.824	1_meter_fast
958	1555185848073	-0.195	0.552	9.981	1_meter_fast
959	1555185848074	-0.348	0.796	9.741	1_meter_fast
960	1555185848080	-0.305	0.753	10.462	1_meter_fast
961	1555185848081	-0.099	0.727	10.675	1_meter_fast
962	1555185848082	0.066	0.957	10.474	1_meter_fast
963	1555185848084	0.03	1.179	10.098	1_meter_fast
964	1555185848087	0.004	1.253	9.952	1_meter_fast
965	1555185848089	0.148	1.253	10.091	1_meter_fast
966	1555185848093	0.341	1.23	10.165	1_meter_fast
967	1555185848095	0.432	1.222	9.938	1_meter_fast
968	1555185848098	0.497	1.167	9.605	1_meter_fast
969	1555185848099	0.583	1.064	9.555	1_meter_fast
970	1555185848102	0.677	0.983	9.624	1_meter_fast
971	1555185848105	0.677	0.921	9.6	1_meter_fast
972	1555185848106	0.636	0.873	9.416	1_meter_fast
973	1555185848109	0.653	0.837	9.409	1_meter_fast
974	1555185848111	0.602	0.832	9.423	1_meter_fast
975	1555185848115	0.523	0.82	9.32	1_meter_fast
976	1555185848116	0.461	0.794	9.301	1_meter_fast
977	1555185848118	0.459	0.796	9.327	1_meter_fast
978	1555185848120	0.406	0.801	9.37	1_meter_fast
979	1555185848123	0.38	0.82	9.452	1_meter_fast
980	1555185848124	0.37	0.818	9.569	1_meter_fast
981	1555185848130	0.329	0.748	9.729	1_meter_fast
982	1555185848131	0.641	0.559	10.089	1_meter_fast
983	1555185848132	1.716	-0.245	10.584	1_meter_fast
984	1555185848137	0.523	0.313	9.076	1_meter_fast
985	1555185848138	-0.168	0.89	8.722	1_meter_fast
986	1555185848139	0.265	0.653	9.828	1_meter_fast
987	1555185848143	0.423	0.492	10.613	1_meter_fast
988	1555185848144	0.002	0.696	10.335	1_meter_fast
989	1555185848147	-0.066	0.653	10.56	1_meter_fast
990	1555185848148	-0.094	0.554	10.603	1_meter_fast
991	1555185848151	-0.116	0.499	10.57	1_meter_fast
992	1555185848155	0.071	0.176	10.955	1_meter_fast
993	1555185848157	-0.063	0.15	10.991	1_meter_fast
994	1555185848158	-0.24	0.152	10.893	1_meter_fast
995	1555185848162	-0.113	-0.037	11.056	1_meter_fast
996	1555185848165	0.006	-0.185	11.288	1_meter_fast
997	1555185848166	-0.178	-0.171	11.178	1_meter_fast
998	1555185848168	-0.183	-0.221	11.204	1_meter_fast
999	1555185848172	-0.171	-0.226	11.178	1_meter_fast
1000	1555185848179	-0.157	-0.281	11.204	1_meter_fast
1001	1555185848180	-0.233	-0.243	11.156	1_meter_fast
1002	1555185848181	-0.224	-0.202	11.096	1_meter_fast
1003	1555185848182	-0.212	-0.157	10.922	1_meter_fast
1004	1555185848183	-0.231	-0.171	10.74	1_meter_fast
1005	1555185848184	-0.291	-0.176	10.606	1_meter_fast
1006	1555185848188	-0.231	-0.166	10.39	1_meter_fast
1007	1555185848189	-0.135	-0.035	10.163	1_meter_fast
1008	1555185848192	0.049	0.253	10.033	1_meter_fast
1009	1555185848194	0.224	0.478	9.928	1_meter_fast
1010	1555185848197	0.308	0.473	9.806	1_meter_fast
1011	1555185848199	0.31	0.372	9.622	1_meter_fast
1012	1555185848201	0.413	0.346	9.445	1_meter_fast
1013	1555185848205	0.507	0.332	9.26	1_meter_fast
1014	1555185848206	0.545	0.37	9.093	1_meter_fast
1015	1555185848209	0.588	0.377	9.004	1_meter_fast
1016	1555185848211	0.61	0.384	8.959	1_meter_fast
1017	1555185848213	0.643	0.313	8.884	1_meter_fast
1018	1555185848215	0.624	0.262	8.865	1_meter_fast
1019	1555185848218	0.629	0.255	8.815	1_meter_fast
1020	1555185848221	0.634	0.222	8.781	1_meter_fast
1021	1555185848222	0.61	0.205	8.757	1_meter_fast
1022	1555185848225	0.552	0.159	8.757	1_meter_fast
1023	1555185848228	0.485	0.174	8.808	1_meter_fast
1024	1555185848231	0.442	0.155	8.851	1_meter_fast
1025	1555185848232	0.351	0.119	8.877	1_meter_fast
1026	1555185848235	0.27	0.09	8.908	1_meter_fast
1027	1555185848240	0.207	0.03	8.999	1_meter_fast
1028	1555185848241	0.203	0.054	9.184	1_meter_fast
1029	1555185848242	0.272	0.217	9.332	1_meter_fast
1030	1555185848245	0.325	0.341	9.332	1_meter_fast
1031	1555185848246	0.298	0.356	9.294	1_meter_fast
1032	1555185848249	0.255	0.365	9.272	1_meter_fast
1033	1555185848252	0.217	0.339	9.27	1_meter_fast
1034	1555185848255	0.193	0.358	9.229	1_meter_fast
1035	1555185848256	0.167	0.396	9.246	1_meter_fast
1036	1555185848259	0.162	0.471	9.313	1_meter_fast
