1	1555795761404	-0.417	-0.324	10.057	1m_t5
2	1555795761405	-0.417	-0.324	10.057	1m_t5
3	1555795761406	-0.437	-0.312	10.002	1m_t5
4	1555795761407	-0.437	-0.312	10.002	1m_t5
5	1555795761408	-0.449	-0.307	9.921	1m_t5
6	1555795761409	-0.449	-0.307	9.921	1m_t5
7	1555795761410	-0.446	-0.3	9.854	1m_t5
8	1555795761411	-0.47	-0.303	9.784	1m_t5
9	1555795761413	-0.439	-0.288	9.72	1m_t5
10	1555795761425	-0.453	-0.298	9.66	1m_t5
11	1555795761426	-0.48	-0.288	9.607	1m_t5
12	1555795761427	-0.501	-0.291	9.595	1m_t5
13	1555795761428	-0.518	-0.296	9.603	1m_t5
14	1555795761429	-0.511	-0.264	9.631	1m_t5
15	1555795761430	-0.506	-0.243	9.672	1m_t5
16	1555795761432	-0.487	-0.224	9.72	1m_t5
17	1555795761433	-0.482	-0.188	9.78	1m_t5
18	1555795761435	-0.516	-0.149	9.83	1m_t5
19	1555795761437	-0.535	-0.121	9.902	1m_t5
20	1555795761439	-0.525	-0.128	10.002	1m_t5
21	1555795761442	-0.523	-0.14	10.086	1m_t5
22	1555795761444	-0.484	-0.114	10.191	1m_t5
23	1555795761446	-0.451	-0.121	10.28	1m_t5
24	1555795761449	-0.417	-0.116	10.34	1m_t5
25	1555795761451	-0.367	-0.097	10.4	1m_t5
26	1555795761454	-0.334	-0.102	10.433	1m_t5
27	1555795761456	-0.298	-0.114	10.455	1m_t5
28	1555795761458	-0.262	-0.166	10.481	1m_t5
29	1555795761461	-0.257	-0.185	10.419	1m_t5
30	1555795761463	-0.219	-0.207	10.371	1m_t5
31	1555795761466	-0.207	-0.24	10.316	1m_t5
32	1555795761469	-0.224	-0.262	10.218	1m_t5
33	1555795761471	-0.236	-0.279	10.112	1m_t5
34	1555795761473	-0.209	-0.303	9.981	1m_t5
35	1555795761475	-0.238	-0.319	9.878	1m_t5
36	1555795761478	-0.247	-0.312	9.751	1m_t5
37	1555795761484	-0.276	-0.322	9.66	1m_t5
38	1555795761485	-0.317	-0.317	9.555	1m_t5
39	1555795761486	-0.346	-0.331	9.488	1m_t5
40	1555795761488	-0.405	-0.322	9.468	1m_t5
41	1555795761490	-0.398	-0.296	9.478	1m_t5
42	1555795761492	-0.405	-0.303	9.509	1m_t5
43	1555795761494	-0.391	-0.296	9.54	1m_t5
44	1555795761497	-0.394	-0.288	9.559	1m_t5
45	1555795761499	-0.398	-0.264	9.574	1m_t5
46	1555795761502	-0.384	-0.26	9.579	1m_t5
47	1555795761504	-0.377	-0.284	9.569	1m_t5
48	1555795761507	-0.382	-0.264	9.545	1m_t5
49	1555795761509	-0.362	-0.245	9.521	1m_t5
50	1555795761512	-0.358	-0.224	9.492	1m_t5
51	1555795761513	-0.348	-0.238	9.466	1m_t5
52	1555795761516	-0.331	-0.219	9.413	1m_t5
53	1555795761519	-0.336	-0.188	9.392	1m_t5
54	1555795761521	-0.35	-0.176	9.375	1m_t5
55	1555795761523	-0.336	-0.169	9.368	1m_t5
56	1555795761526	-0.372	-0.178	9.397	1m_t5
57	1555795761528	-0.401	-0.188	9.468	1m_t5
58	1555795761530	-0.379	-0.169	9.595	1m_t5
59	1555795761533	-0.405	-0.171	9.756	1m_t5
60	1555795761536	-0.394	-0.161	9.885	1m_t5
61	1555795761538	-0.384	-0.171	10.048	1m_t5
62	1555795761540	-0.389	-0.183	10.146	1m_t5
63	1555795761542	-0.379	-0.224	10.239	1m_t5
64	1555795761545	-0.386	-0.238	10.292	1m_t5
65	1555795761547	-0.384	-0.264	10.342	1m_t5
66	1555795761549	-0.377	-0.303	10.361	1m_t5
67	1555795761552	-0.394	-0.324	10.381	1m_t5
68	1555795761554	-0.377	-0.343	10.395	1m_t5
69	1555795761556	-0.372	-0.336	10.393	1m_t5
70	1555795761558	-0.382	-0.334	10.345	1m_t5
71	1555795761561	-0.37	-0.351	10.29	1m_t5
72	1555795761564	-0.391	-0.329	10.237	1m_t5
73	1555795761569	-0.427	-0.339	10.184	1m_t5
74	1555795761570	-0.458	-0.324	10.108	1m_t5
75	1555795761571	-0.482	-0.341	10.005	1m_t5
76	1555795761573	-0.504	-0.384	9.914	1m_t5
77	1555795761575	-0.511	-0.375	9.811	1m_t5
78	1555795761578	-0.504	-0.396	9.737	1m_t5
79	1555795761580	-0.489	-0.384	9.665	1m_t5
80	1555795761584	-0.484	-0.377	9.607	1m_t5
81	1555795761585	-0.477	-0.36	9.598	1m_t5
82	1555795761587	-0.473	-0.327	9.626	1m_t5
83	1555795761589	-0.458	-0.343	9.646	1m_t5
84	1555795761592	-0.449	-0.307	9.677	1m_t5
85	1555795761594	-0.441	-0.276	9.737	1m_t5
86	1555795761597	-0.434	-0.291	9.734	1m_t5
87	1555795761599	-0.432	-0.293	9.756	1m_t5
88	1555795761602	-0.434	-0.327	9.744	1m_t5
89	1555795761604	-0.42	-0.324	9.71	1m_t5
90	1555795761606	-0.413	-0.319	9.71	1m_t5
91	1555795761609	-0.437	-0.331	9.705	1m_t5
92	1555795761612	-0.432	-0.298	9.708	1m_t5
93	1555795761613	-0.441	-0.281	9.744	1m_t5
94	1555795761616	-0.425	-0.207	9.761	1m_t5
95	1555795761618	-0.429	-0.212	9.784	1m_t5
96	1555795761621	-0.413	-0.19	9.823	1m_t5
97	1555795761623	-0.384	-0.171	9.863	1m_t5
98	1555795761626	-0.372	-0.159	9.849	1m_t5
99	1555795761628	-0.343	-0.157	9.875	1m_t5
100	1555795761630	-0.336	-0.176	9.873	1m_t5
101	1555795761632	-0.329	-0.157	9.859	1m_t5
102	1555795761635	-0.324	-0.171	9.842	1m_t5
103	1555795761637	-0.307	-0.193	9.842	1m_t5
104	1555795761640	-0.307	-0.231	9.808	1m_t5
105	1555795761642	-0.315	-0.231	9.761	1m_t5
106	1555795761645	-0.353	-0.248	9.729	1m_t5
107	1555795761647	-0.36	-0.276	9.72	1m_t5
108	1555795761649	-0.396	-0.269	9.715	1m_t5
109	1555795761652	-0.413	-0.291	9.713	1m_t5
110	1555795761654	-0.446	-0.284	9.729	1m_t5
111	1555795761656	-0.463	-0.315	9.753	1m_t5
112	1555795761660	-0.489	-0.298	9.763	1m_t5
113	1555795761662	-0.489	-0.288	9.758	1m_t5
114	1555795761664	-0.513	-0.296	9.792	1m_t5
115	1555795761666	-0.523	-0.324	9.82	1m_t5
116	1555795761668	-0.532	-0.322	9.859	1m_t5
117	1555795761671	-0.544	-0.341	9.892	1m_t5
118	1555795761674	-0.544	-0.341	9.921	1m_t5
119	1555795761676	-0.571	-0.327	9.952	1m_t5
120	1555795761678	-0.549	-0.329	9.983	1m_t5
121	1555795761680	-0.547	-0.322	9.993	1m_t5
122	1555795761684	-0.511	-0.327	9.988	1m_t5
123	1555795761685	-0.504	-0.317	10.002	1m_t5
124	1555795761688	-0.475	-0.307	10.007	1m_t5
125	1555795761690	-0.458	-0.298	10.017	1m_t5
126	1555795761693	-0.434	-0.286	9.988	1m_t5
127	1555795761696	-0.432	-0.276	9.983	1m_t5
128	1555795761699	-0.425	-0.286	9.923	1m_t5
129	1555795761700	-0.394	-0.272	9.895	1m_t5
130	1555795761703	-0.379	-0.276	9.82	1m_t5
131	1555795761705	-0.36	-0.305	9.751	1m_t5
132	1555795761707	-0.377	-0.324	9.658	1m_t5
133	1555795761709	-0.405	-0.346	9.569	1m_t5
134	1555795761712	-0.379	-0.377	9.483	1m_t5
135	1555795761716	-0.394	-0.391	9.399	1m_t5
136	1555795761717	-0.41	-0.439	9.358	1m_t5
137	1555795761720	-0.449	-0.425	9.301	1m_t5
138	1555795761722	-0.434	-0.415	9.272	1m_t5
139	1555795761724	-0.449	-0.413	9.277	1m_t5
140	1555795761726	-0.475	-0.389	9.315	1m_t5
141	1555795761729	-0.465	-0.37	9.342	1m_t5
142	1555795761732	-0.468	-0.329	9.389	1m_t5
143	1555795761733	-0.475	-0.317	9.416	1m_t5
144	1555795761737	-0.47	-0.267	9.466	1m_t5
145	1555795761738	-0.468	-0.228	9.531	1m_t5
146	1555795761741	-0.47	-0.228	9.552	1m_t5
147	1555795761743	-0.473	-0.205	9.619	1m_t5
148	1555795761746	-0.463	-0.178	9.674	1m_t5
149	1555795761748	-0.434	-0.19	9.741	1m_t5
150	1555795761750	-0.398	-0.149	9.811	1m_t5
151	1555795761753	-0.367	-0.145	9.902	1m_t5
152	1555795761756	-0.362	-0.118	9.998	1m_t5
153	1555795761758	-0.35	-0.133	10.081	1m_t5
154	1555795761760	-0.346	-0.14	10.141	1m_t5
155	1555795761763	-0.35	-0.114	10.213	1m_t5
156	1555795761765	-0.348	-0.106	10.275	1m_t5
157	1555795761767	-0.377	-0.094	10.342	1m_t5
158	1555795761770	-0.365	-0.104	10.421	1m_t5
159	1555795761772	-0.365	-0.126	10.479	1m_t5
160	1555795761776	-0.377	-0.111	10.541	1m_t5
161	1555795761777	-0.401	-0.118	10.589	1m_t5
162	1555795761781	-0.415	-0.138	10.627	1m_t5
163	1555795761782	-0.405	-0.178	10.646	1m_t5
164	1555795761784	-0.446	-0.197	10.61	1m_t5
165	1555795761786	-0.468	-0.205	10.575	1m_t5
166	1555795761788	-0.48	-0.245	10.584	1m_t5
167	1555795761792	-0.475	-0.243	10.508	1m_t5
168	1555795761794	-0.528	-0.293	10.445	1m_t5
169	1555795761796	-0.544	-0.319	10.419	1m_t5
170	1555795761798	-0.563	-0.375	10.376	1m_t5
171	1555795761800	-0.599	-0.418	10.314	1m_t5
172	1555795761803	-0.626	-0.42	10.254	1m_t5
173	1555795761805	-0.683	-0.451	10.199	1m_t5
174	1555795761809	-0.729	-0.485	10.132	1m_t5
175	1555795761810	-0.777	-0.528	10.053	1m_t5
176	1555795761814	-0.829	-0.571	10.022	1m_t5
177	1555795761815	-0.87	-0.604	9.938	1m_t5
178	1555795761817	-0.918	-0.626	9.883	1m_t5
179	1555795761820	-0.944	-0.647	9.794	1m_t5
180	1555795761822	-0.947	-0.626	9.725	1m_t5
181	1555795761825	-0.93	-0.604	9.658	1m_t5
182	1555795761828	-0.932	-0.6	9.624	1m_t5
183	1555795761829	-0.899	-0.556	9.588	1m_t5
184	1555795761833	-0.884	-0.533	9.579	1m_t5
185	1555795761834	-0.87	-0.48	9.586	1m_t5
186	1555795761836	-0.853	-0.454	9.617	1m_t5
187	1555795761839	-0.863	-0.43	9.679	1m_t5
188	1555795761842	-0.841	-0.425	9.722	1m_t5
189	1555795761843	-0.81	-0.413	9.758	1m_t5
190	1555795761846	-0.762	-0.379	9.796	1m_t5
191	1555795761849	-0.722	-0.418	9.823	1m_t5
192	1555795761852	-0.657	-0.41	9.902	1m_t5
193	1555795761853	-0.599	-0.389	9.947	1m_t5
194	1555795761856	-0.542	-0.396	9.99	1m_t5
195	1555795761858	-0.53	-0.36	10.045	1m_t5
196	1555795761861	-0.513	-0.363	10.072	1m_t5
197	1555795761863	-0.496	-0.382	10.081	1m_t5
198	1555795761865	-0.458	-0.37	10.132	1m_t5
199	1555795761868	-0.456	-0.351	10.146	1m_t5
200	1555795761870	-0.432	-0.348	10.115	1m_t5
201	1555795761873	-0.437	-0.339	10.144	1m_t5
202	1555795761875	-0.446	-0.322	10.144	1m_t5
203	1555795761877	-0.434	-0.319	10.177	1m_t5
204	1555795761879	-0.417	-0.274	10.165	1m_t5
205	1555795761882	-0.391	-0.267	10.177	1m_t5
206	1555795761884	-0.384	-0.276	10.16	1m_t5
207	1555795761887	-0.384	-0.284	10.132	1m_t5
208	1555795761890	-0.384	-0.272	10.103	1m_t5
209	1555795761892	-0.379	-0.284	10.067	1m_t5
210	1555795761894	-0.338	-0.279	10.019	1m_t5
211	1555795761896	-0.36	-0.269	9.971	1m_t5
212	1555795761900	-0.367	-0.262	9.947	1m_t5
213	1555795761901	-0.367	-0.248	9.926	1m_t5
214	1555795761904	-0.353	-0.243	9.911	1m_t5
215	1555795761906	-0.358	-0.202	9.887	1m_t5
216	1555795761909	-0.334	-0.188	9.875	1m_t5
217	1555795761911	-0.324	-0.188	9.847	1m_t5
218	1555795761913	-0.293	-0.166	9.784	1m_t5
219	1555795761916	-0.262	-0.197	9.725	1m_t5
220	1555795761918	-0.247	-0.188	9.684	1m_t5
221	1555795761920	-0.269	-0.209	9.612	1m_t5
222	1555795761923	-0.274	-0.212	9.54	1m_t5
223	1555795761925	-0.283	-0.197	9.49	1m_t5
224	1555795761930	-0.293	-0.212	9.473	1m_t5
225	1555795761932	-0.319	-0.231	9.435	1m_t5
226	1555795761934	-0.329	-0.236	9.449	1m_t5
227	1555795761936	-0.336	-0.233	9.457	1m_t5
228	1555795761937	-0.37	-0.19	9.512	1m_t5
229	1555795761940	-0.386	-0.2	9.55	1m_t5
230	1555795761942	-0.384	-0.195	9.595	1m_t5
231	1555795761944	-0.403	-0.2	9.665	1m_t5
232	1555795761949	-0.403	-0.169	9.715	1m_t5
233	1555795761951	-0.401	-0.181	9.775	1m_t5
234	1555795761953	-0.377	-0.157	9.828	1m_t5
235	1555795761955	-0.346	-0.161	9.904	1m_t5
236	1555795761956	-0.334	-0.193	9.94	1m_t5
237	1555795761958	-0.326	-0.202	9.998	1m_t5
238	1555795761961	-0.307	-0.226	10.057	1m_t5
239	1555795761963	-0.291	-0.257	10.091	1m_t5
240	1555795761966	-0.295	-0.264	10.12	1m_t5
241	1555795761968	-0.305	-0.298	10.139	1m_t5
242	1555795761972	-0.341	-0.358	10.112	1m_t5
243	1555795761973	-0.358	-0.418	10.096	1m_t5
244	1555795761976	-0.398	-0.437	10.077	1m_t5
245	1555795761978	-0.429	-0.456	10.048	1m_t5
246	1555795761980	-0.456	-0.477	10.002	1m_t5
247	1555795761983	-0.496	-0.466	9.964	1m_t5
248	1555795761986	-0.528	-0.497	9.897	1m_t5
249	1555795761987	-0.554	-0.489	9.854	1m_t5
250	1555795761990	-0.571	-0.473	9.804	1m_t5
251	1555795761992	-0.633	-0.487	9.796	1m_t5
252	1555795761995	-0.678	-0.516	9.78	1m_t5
253	1555795761997	-0.724	-0.53	9.741	1m_t5
254	1555795762000	-0.745	-0.588	9.708	1m_t5
255	1555795762002	-0.774	-0.631	9.696	1m_t5
256	1555795762004	-0.767	-0.679	9.67	1m_t5
257	1555795762007	-0.784	-0.705	9.641	1m_t5
258	1555795762008	-0.772	-0.705	9.61	1m_t5
259	1555795762012	-0.789	-0.693	9.6	1m_t5
260	1555795762014	-0.757	-0.647	9.626	1m_t5
261	1555795762016	-0.755	-0.597	9.646	1m_t5
262	1555795762019	-0.748	-0.6	9.703	1m_t5
263	1555795762021	-0.722	-0.509	9.751	1m_t5
264	1555795762024	-0.71	-0.48	9.804	1m_t5
265	1555795762026	-0.69	-0.432	9.832	1m_t5
266	1555795762027	-0.635	-0.367	9.863	1m_t5
267	1555795762031	-0.604	-0.329	9.878	1m_t5
268	1555795762032	-0.561	-0.298	9.863	1m_t5
269	1555795762037	-0.513	-0.25	9.859	1m_t5
270	1555795762038	-0.475	-0.221	9.863	1m_t5
271	1555795762040	-0.449	-0.197	9.837	1m_t5
272	1555795762043	-0.42	-0.212	9.837	1m_t5
273	1555795762045	-0.386	-0.161	9.878	1m_t5
274	1555795762047	-0.362	-0.171	9.883	1m_t5
275	1555795762050	-0.362	-0.178	9.921	1m_t5
276	1555795762052	-0.348	-0.197	9.938	1m_t5
277	1555795762054	-0.362	-0.214	9.957	1m_t5
278	1555795762056	-0.372	-0.209	9.945	1m_t5
279	1555795762059	-0.377	-0.228	9.902	1m_t5
280	1555795762063	-0.394	-0.243	9.844	1m_t5
281	1555795762064	-0.417	-0.257	9.849	1m_t5
282	1555795762067	-0.425	-0.274	9.768	1m_t5
283	1555795762069	-0.434	-0.307	9.72	1m_t5
284	1555795762071	-0.451	-0.322	9.691	1m_t5
285	1555795762073	-0.473	-0.334	9.626	1m_t5
286	1555795762076	-0.463	-0.355	9.603	1m_t5
287	1555795762078	-0.468	-0.363	9.598	1m_t5
288	1555795762081	-0.487	-0.339	9.612	1m_t5
289	1555795762083	-0.48	-0.298	9.655	1m_t5
290	1555795762086	-0.446	-0.255	9.67	1m_t5
291	1555795762087	-0.427	-0.226	9.739	1m_t5
292	1555795762090	-0.398	-0.195	9.768	1m_t5
293	1555795762092	-0.377	-0.161	9.832	1m_t5
294	1555795762096	-0.326	-0.109	9.916	1m_t5
295	1555795762097	-0.312	-0.114	9.993	1m_t5
296	1555795762100	-0.288	-0.094	10.055	1m_t5
297	1555795762102	-0.264	-0.099	10.093	1m_t5
298	1555795762104	-0.274	-0.104	10.127	1m_t5
299	1555795762107	-0.257	-0.142	10.151	1m_t5
300	1555795762110	-0.252	-0.152	10.151	1m_t5
301	1555795762112	-0.269	-0.161	10.141	1m_t5
302	1555795762114	-0.303	-0.161	10.115	1m_t5
303	1555795762117	-0.307	-0.202	10.091	1m_t5
304	1555795762120	-0.312	-0.209	10.065	1m_t5
305	1555795762122	-0.355	-0.212	10.041	1m_t5
306	1555795762123	-0.36	-0.233	10	1m_t5
307	1555795762126	-0.425	-0.255	9.957	1m_t5
308	1555795762128	-0.477	-0.272	9.897	1m_t5
309	1555795762130	-0.537	-0.291	9.844	1m_t5
310	1555795762133	-0.597	-0.327	9.773	1m_t5
311	1555795762135	-0.643	-0.351	9.703	1m_t5
312	1555795762138	-0.676	-0.365	9.638	1m_t5
313	1555795762140	-0.722	-0.389	9.583	1m_t5
314	1555795762143	-0.762	-0.379	9.524	1m_t5
315	1555795762145	-0.762	-0.389	9.507	1m_t5
316	1555795762147	-0.801	-0.413	9.533	1m_t5
317	1555795762150	-0.781	-0.401	9.569	1m_t5
318	1555795762152	-0.801	-0.398	9.646	1m_t5
319	1555795762155	-0.822	-0.396	9.737	1m_t5
320	1555795762158	-0.786	-0.398	9.813	1m_t5
321	1555795762159	-0.777	-0.387	9.885	1m_t5
322	1555795762162	-0.743	-0.367	9.947	1m_t5
323	1555795762164	-0.698	-0.375	10.036	1m_t5
324	1555795762166	-0.654	-0.37	10.086	1m_t5
325	1555795762169	-0.65	-0.351	10.146	1m_t5
326	1555795762171	-0.597	-0.331	10.211	1m_t5
327	1555795762175	-0.583	-0.315	10.249	1m_t5
328	1555795762177	-0.561	-0.307	10.294	1m_t5
329	1555795762178	-0.547	-0.279	10.297	1m_t5
330	1555795762181	-0.537	-0.252	10.302	1m_t5
331	1555795762183	-0.54	-0.264	10.309	1m_t5
332	1555795762185	-0.537	-0.236	10.333	1m_t5
333	1555795762188	-0.554	-0.202	10.326	1m_t5
334	1555795762190	-0.609	-0.185	10.326	1m_t5
335	1555795762193	-0.635	-0.135	10.373	1m_t5
336	1555795762196	-0.666	-0.147	10.357	1m_t5
337	1555795762198	-0.688	-0.126	10.39	1m_t5
338	1555795762200	-0.736	-0.157	10.364	1m_t5
339	1555795762202	-0.786	-0.209	10.335	1m_t5
340	1555795762205	-0.834	-0.243	10.306	1m_t5
341	1555795762207	-0.92	-0.339	10.239	1m_t5
342	1555795762209	-0.999	-0.394	10.165	1m_t5
343	1555795762213	-1.054	-0.466	10.084	1m_t5
344	1555795762215	-1.138	-0.525	9.974	1m_t5
345	1555795762217	-1.184	-0.583	9.907	1m_t5
346	1555795762220	-1.253	-0.602	9.854	1m_t5
347	1555795762222	-1.334	-0.638	9.825	1m_t5
348	1555795762224	-1.375	-0.635	9.832	1m_t5
349	1555795762227	-1.466	-0.645	9.873	1m_t5
350	1555795762229	-1.533	-0.664	9.916	1m_t5
351	1555795762231	-1.571	-0.657	9.954	1m_t5
352	1555795762234	-1.641	-0.664	10.017	1m_t5
353	1555795762236	-1.674	-0.667	10.033	1m_t5
354	1555795762239	-1.715	-0.626	10.045	1m_t5
355	1555795762241	-1.746	-0.619	10.091	1m_t5
356	1555795762244	-1.77	-0.592	10.151	1m_t5
357	1555795762246	-1.765	-0.588	10.163	1m_t5
358	1555795762250	-1.818	-0.576	10.201	1m_t5
359	1555795762251	-1.832	-0.573	10.266	1m_t5
360	1555795762254	-1.852	-0.571	10.323	1m_t5
361	1555795762255	-1.863	-0.58	10.39	1m_t5
362	1555795762258	-1.861	-0.576	10.426	1m_t5
363	1555795762260	-1.859	-0.602	10.479	1m_t5
364	1555795762262	-1.873	-0.6	10.505	1m_t5
365	1555795762265	-1.871	-0.568	10.517	1m_t5
366	1555795762267	-1.878	-0.559	10.539	1m_t5
367	1555795762270	-1.854	-0.568	10.548	1m_t5
368	1555795762272	-1.84	-0.576	10.543	1m_t5
369	1555795762274	-1.816	-0.542	10.539	1m_t5
370	1555795762276	-1.801	-0.525	10.541	1m_t5
371	1555795762279	-1.78	-0.521	10.531	1m_t5
372	1555795762282	-1.773	-0.528	10.481	1m_t5
373	1555795762284	-1.737	-0.516	10.443	1m_t5
374	1555795762286	-1.739	-0.528	10.4	1m_t5
375	1555795762289	-1.727	-0.518	10.376	1m_t5
376	1555795762293	-1.698	-0.513	10.309	1m_t5
377	1555795762294	-1.66	-0.513	10.235	1m_t5
378	1555795762295	-1.629	-0.501	10.17	1m_t5
379	1555795762298	-1.612	-0.521	10.096	1m_t5
380	1555795762301	-1.607	-0.518	10.031	1m_t5
381	1555795762302	-1.569	-0.518	9.99	1m_t5
382	1555795762306	-1.547	-0.497	9.962	1m_t5
383	1555795762307	-1.509	-0.454	9.95	1m_t5
384	1555795762312	-1.48	-0.454	9.911	1m_t5
385	1555795762313	-1.416	-0.427	9.902	1m_t5
386	1555795762315	-1.375	-0.377	9.861	1m_t5
387	1555795762318	-1.33	-0.36	9.863	1m_t5
388	1555795762320	-1.298	-0.346	9.835	1m_t5
389	1555795762322	-1.234	-0.267	9.842	1m_t5
390	1555795762324	-1.157	-0.233	9.883	1m_t5
391	1555795762326	-1.114	-0.202	9.935	1m_t5
392	1555795762330	-1.054	-0.152	9.952	1m_t5
393	1555795762332	-1.011	-0.085	10.01	1m_t5
394	1555795762334	-0.944	-0.073	10.055	1m_t5
395	1555795762337	-0.915	-0.07	10.069	1m_t5
396	1555795762339	-0.853	-0.049	10.115	1m_t5
397	1555795762342	-0.824	-0.042	10.103	1m_t5
398	1555795762343	-0.789	-0.054	10.108	1m_t5
399	1555795762347	-0.76	-0.066	10.098	1m_t5
400	1555795762349	-0.719	-0.047	10.065	1m_t5
401	1555795762352	-0.714	-0.03	10.062	1m_t5
402	1555795762354	-0.712	-0.027	10.012	1m_t5
403	1555795762355	-0.693	-0.003	9.981	1m_t5
404	1555795762359	-0.666	-0.003	9.954	1m_t5
405	1555795762361	-0.678	0.037	9.938	1m_t5
406	1555795762363	-0.674	0.044	9.883	1m_t5
407	1555795762365	-0.693	0.044	9.852	1m_t5
408	1555795762368	-0.702	0.076	9.842	1m_t5
409	1555795762370	-0.736	0.114	9.842	1m_t5
410	1555795762373	-0.784	0.116	9.808	1m_t5
411	1555795762374	-0.808	0.128	9.808	1m_t5
412	1555795762378	-0.824	0.133	9.811	1m_t5
413	1555795762380	-0.844	0.116	9.842	1m_t5
414	1555795762382	-0.863	0.104	9.844	1m_t5
415	1555795762384	-0.894	0.09	9.84	1m_t5
416	1555795762387	-0.865	0.099	9.852	1m_t5
417	1555795762389	-0.846	0.083	9.88	1m_t5
418	1555795762391	-0.834	0.095	9.89	1m_t5
419	1555795762393	-0.784	0.114	9.911	1m_t5
420	1555795762397	-0.75	0.114	9.916	1m_t5
421	1555795762398	-0.736	0.135	9.887	1m_t5
422	1555795762402	-0.712	0.121	9.856	1m_t5
423	1555795762403	-0.683	0.143	9.811	1m_t5
424	1555795762407	-0.671	0.133	9.789	1m_t5
425	1555795762408	-0.671	0.119	9.751	1m_t5
426	1555795762411	-0.676	0.109	9.665	1m_t5
427	1555795762413	-0.712	0.066	9.562	1m_t5
428	1555795762415	-0.755	0.037	9.471	1m_t5
429	1555795762418	-0.777	-0.018	9.327	1m_t5
430	1555795762420	-0.834	-0.066	9.212	1m_t5
431	1555795762423	-0.868	-0.085	9.102	1m_t5
432	1555795762426	-0.915	-0.121	8.99	1m_t5
433	1555795762428	-0.98	-0.147	8.915	1m_t5
434	1555795762430	-1.026	-0.152	8.824	1m_t5
435	1555795762432	-1.071	-0.19	8.815	1m_t5
436	1555795762435	-1.114	-0.207	8.815	1m_t5
437	1555795762437	-1.138	-0.252	8.832	1m_t5
438	1555795762439	-1.186	-0.298	8.817	1m_t5
439	1555795762442	-1.193	-0.339	8.86	1m_t5
440	1555795762445	-1.239	-0.367	8.896	1m_t5
441	1555795762446	-1.253	-0.37	8.961	1m_t5
442	1555795762449	-1.275	-0.398	9.033	1m_t5
443	1555795762451	-1.263	-0.365	9.117	1m_t5
444	1555795762455	-1.272	-0.358	9.229	1m_t5
445	1555795762456	-1.27	-0.355	9.368	1m_t5
446	1555795762458	-1.241	-0.351	9.531	1m_t5
447	1555795762461	-1.205	-0.298	9.674	1m_t5
448	1555795762464	-1.164	-0.276	9.835	1m_t5
449	1555795762466	-1.102	-0.245	9.981	1m_t5
450	1555795762468	-1.05	-0.164	10.062	1m_t5
451	1555795762470	-1.021	-0.126	10.175	1m_t5
452	1555795762473	-0.966	-0.106	10.302	1m_t5
453	1555795762475	-0.92	-0.08	10.383	1m_t5
454	1555795762477	-0.884	-0.027	10.443	1m_t5
455	1555795762480	-0.827	0.025	10.472	1m_t5
456	1555795762483	-0.796	0.083	10.481	1m_t5
457	1555795762485	-0.741	0.116	10.484	1m_t5
458	1555795762487	-0.724	0.19	10.486	1m_t5
459	1555795762490	-0.717	0.231	10.436	1m_t5
460	1555795762492	-0.69	0.262	10.405	1m_t5
461	1555795762494	-0.69	0.301	10.354	1m_t5
462	1555795762498	-0.705	0.341	10.304	1m_t5
463	1555795762501	-0.717	0.37	10.249	1m_t5
464	1555795762503	-0.726	0.394	10.184	1m_t5
465	1555795762504	-0.769	0.416	10.117	1m_t5
466	1555795762507	-0.765	0.404	10.029	1m_t5
467	1555795762509	-0.762	0.425	10.005	1m_t5
468	1555795762513	-0.793	0.43	9.926	1m_t5
469	1555795762514	-0.817	0.442	9.892	1m_t5
470	1555795762516	-0.817	0.42	9.842	1m_t5
471	1555795762518	-0.801	0.427	9.78	1m_t5
472	1555795762521	-0.796	0.427	9.737	1m_t5
473	1555795762523	-0.777	0.437	9.71	1m_t5
474	1555795762526	-0.791	0.416	9.689	1m_t5
475	1555795762527	-0.791	0.416	9.67	1m_t5
476	1555795762531	-0.801	0.38	9.658	1m_t5
477	1555795762533	-0.82	0.325	9.641	1m_t5
478	1555795762535	-0.844	0.26	9.66	1m_t5
479	1555795762537	-0.882	0.21	9.653	1m_t5
480	1555795762541	-0.891	0.133	9.655	1m_t5
481	1555795762542	-0.951	0.088	9.641	1m_t5
482	1555795762545	-1.002	0.066	9.705	1m_t5
483	1555795762547	-1.026	0.03	9.737	1m_t5
484	1555795762549	-1.057	0.035	9.765	1m_t5
485	1555795762553	-1.064	0.018	9.801	1m_t5
486	1555795762557	-1.109	-0.001	9.799	1m_t5
487	1555795762558	-1.136	-0.066	9.811	1m_t5
488	1555795762559	-1.172	-0.109	9.804	1m_t5
489	1555795762562	-1.212	-0.133	9.768	1m_t5
490	1555795762564	-1.258	-0.181	9.715	1m_t5
491	1555795762566	-1.291	-0.219	9.701	1m_t5
492	1555795762569	-1.363	-0.281	9.684	1m_t5
493	1555795762571	-1.406	-0.298	9.705	1m_t5
494	1555795762573	-1.452	-0.307	9.729	1m_t5
495	1555795762575	-1.476	-0.312	9.78	1m_t5
496	1555795762580	-1.49	-0.298	9.82	1m_t5
497	1555795762581	-1.521	-0.293	9.871	1m_t5
498	1555795762583	-1.543	-0.303	9.921	1m_t5
499	1555795762587	-1.555	-0.288	9.935	1m_t5
500	1555795762588	-1.569	-0.272	9.952	1m_t5
501	1555795762591	-1.555	-0.264	9.962	1m_t5
502	1555795762593	-1.567	-0.267	9.935	1m_t5
503	1555795762595	-1.562	-0.262	9.907	1m_t5
504	1555795762599	-1.562	-0.288	9.847	1m_t5
505	1555795762600	-1.569	-0.288	9.789	1m_t5
506	1555795762602	-1.567	-0.288	9.737	1m_t5
507	1555795762605	-1.6	-0.262	9.717	1m_t5
508	1555795762607	-1.615	-0.25	9.672	1m_t5
509	1555795762609	-1.648	-0.226	9.643	1m_t5
510	1555795762612	-1.658	-0.24	9.646	1m_t5
511	1555795762614	-1.682	-0.248	9.67	1m_t5
512	1555795762617	-1.677	-0.226	9.679	1m_t5
513	1555795762618	-1.674	-0.252	9.717	1m_t5
514	1555795762622	-1.691	-0.267	9.768	1m_t5
515	1555795762623	-1.71	-0.281	9.84	1m_t5
516	1555795762627	-1.732	-0.257	9.902	1m_t5
517	1555795762628	-1.746	-0.276	9.974	1m_t5
518	1555795762630	-1.737	-0.281	10.024	1m_t5
519	1555795762634	-1.729	-0.267	10.089	1m_t5
520	1555795762636	-1.727	-0.252	10.127	1m_t5
521	1555795762638	-1.679	-0.252	10.194	1m_t5
522	1555795762641	-1.665	-0.252	10.244	1m_t5
523	1555795762642	-1.643	-0.267	10.299	1m_t5
524	1555795762645	-1.588	-0.286	10.326	1m_t5
525	1555795762647	-1.569	-0.288	10.321	1m_t5
526	1555795762650	-1.55	-0.291	10.297	1m_t5
527	1555795762653	-1.528	-0.288	10.275	1m_t5
528	1555795762656	-1.509	-0.288	10.235	1m_t5
529	1555795762657	-1.473	-0.262	10.18	1m_t5
530	1555795762660	-1.456	-0.236	10.124	1m_t5
531	1555795762662	-1.442	-0.209	10.084	1m_t5
532	1555795762665	-1.459	-0.14	10.053	1m_t5
533	1555795762666	-1.435	-0.104	10.029	1m_t5
534	1555795762670	-1.437	-0.07	10.06	1m_t5
535	1555795762671	-1.416	-0.054	10.038	1m_t5
536	1555795762674	-1.406	-0.011	9.99	1m_t5
537	1555795762676	-1.423	0.023	9.974	1m_t5
538	1555795762678	-1.428	0.04	9.95	1m_t5
539	1555795762681	-1.428	0.009	9.964	1m_t5
540	1555795762683	-1.43	0.006	9.935	1m_t5
541	1555795762685	-1.411	0.004	9.907	1m_t5
542	1555795762688	-1.394	-0.027	9.837	1m_t5
543	1555795762690	-1.38	-0.056	9.768	1m_t5
544	1555795762693	-1.358	-0.094	9.725	1m_t5
545	1555795762695	-1.349	-0.128	9.679	1m_t5
546	1555795762698	-1.337	-0.14	9.617	1m_t5
547	1555795762699	-1.33	-0.14	9.588	1m_t5
548	1555795762702	-1.325	-0.147	9.502	1m_t5
549	1555795762704	-1.322	-0.128	9.476	1m_t5
550	1555795762707	-1.349	-0.097	9.449	1m_t5
551	1555795762709	-1.327	-0.07	9.447	1m_t5
552	1555795762712	-1.325	-0.018	9.473	1m_t5
553	1555795762714	-1.296	0.013	9.516	1m_t5
554	1555795762716	-1.291	0.066	9.547	1m_t5
555	1555795762719	-1.27	0.133	9.588	1m_t5
556	1555795762722	-1.21	0.181	9.634	1m_t5
557	1555795762723	-1.196	0.238	9.658	1m_t5
558	1555795762726	-1.148	0.267	9.679	1m_t5
559	1555795762728	-1.117	0.313	9.708	1m_t5
560	1555795762732	-1.083	0.322	9.739	1m_t5
561	1555795762733	-1.054	0.32	9.753	1m_t5
562	1555795762735	-1.021	0.325	9.763	1m_t5
563	1555795762738	-0.997	0.303	9.773	1m_t5
564	1555795762740	-0.947	0.293	9.78	1m_t5
565	1555795762742	-0.915	0.301	9.806	1m_t5
566	1555795762745	-0.899	0.286	9.828	1m_t5
567	1555795762748	-0.906	0.269	9.871	1m_t5
568	1555795762750	-0.911	0.248	9.883	1m_t5
569	1555795762752	-0.906	0.241	9.928	1m_t5
570	1555795762754	-0.932	0.222	9.943	1m_t5
571	1555795762757	-0.951	0.195	9.957	1m_t5
572	1555795762760	-0.978	0.155	9.95	1m_t5
573	1555795762762	-0.97	0.131	9.952	1m_t5
574	1555795762764	-1.004	0.073	9.928	1m_t5
575	1555795762766	-1.033	0.032	9.921	1m_t5
576	1555795762769	-1.059	0.001	9.878	1m_t5
577	1555795762772	-1.083	-0.013	9.83	1m_t5
578	1555795762773	-1.1	-0.059	9.775	1m_t5
579	1555795762776	-1.14	-0.078	9.701	1m_t5
580	1555795762778	-1.157	-0.128	9.629	1m_t5
581	1555795762780	-1.193	-0.123	9.562	1m_t5
582	1555795762783	-1.208	-0.142	9.473	1m_t5
583	1555795762786	-1.219	-0.133	9.445	1m_t5
584	1555795762789	-1.241	-0.13	9.423	1m_t5
585	1555795762790	-1.27	-0.092	9.411	1m_t5
586	1555795762793	-1.287	-0.066	9.392	1m_t5
587	1555795762795	-1.287	-0.037	9.411	1m_t5
588	1555795762797	-1.291	-0.008	9.413	1m_t5
589	1555795762800	-1.301	0.006	9.392	1m_t5
590	1555795762802	-1.284	0.025	9.425	1m_t5
591	1555795762805	-1.291	0.028	9.409	1m_t5
592	1555795762808	-1.291	0.011	9.404	1m_t5
593	1555795762809	-1.263	0.009	9.401	1m_t5
594	1555795762812	-1.229	0.013	9.358	1m_t5
595	1555795762814	-1.222	0.004	9.334	1m_t5
596	1555795762816	-1.184	-0.003	9.332	1m_t5
597	1555795762819	-1.184	0.018	9.366	1m_t5
598	1555795762823	-1.179	0.04	9.377	1m_t5
599	1555795762824	-1.162	0.004	9.435	1m_t5
600	1555795762826	-1.155	0.04	9.468	1m_t5
601	1555795762828	-1.167	0.009	9.538	1m_t5
602	1555795762831	-1.191	0.016	9.595	1m_t5
603	1555795762833	-1.222	-0.027	9.617	1m_t5
604	1555795762835	-1.222	-0.042	9.638	1m_t5
605	1555795762838	-1.26	-0.075	9.638	1m_t5
606	1555795762841	-1.27	-0.123	9.646	1m_t5
607	1555795762843	-1.277	-0.126	9.641	1m_t5
608	1555795762846	-1.265	-0.094	9.643	1m_t5
609	1555795762847	-1.248	-0.07	9.634	1m_t5
610	1555795762850	-1.229	-0.039	9.689	1m_t5
611	1555795762853	-1.215	-0.008	9.746	1m_t5
612	1555795762855	-1.193	0.028	9.823	1m_t5
613	1555795762857	-1.136	0.061	9.935	1m_t5
614	1555795762860	-1.133	0.092	10.041	1m_t5
615	1555795762862	-1.112	0.083	10.148	1m_t5
616	1555795762865	-1.095	0.123	10.23	1m_t5
617	1555795762867	-1.088	0.121	10.297	1m_t5
618	1555795762869	-1.073	0.14	10.34	1m_t5
619	1555795762872	-1.03	0.126	10.335	1m_t5
620	1555795762874	-1.009	0.128	10.354	1m_t5
621	1555795762876	-0.939	0.123	10.347	1m_t5
622	1555795762879	-0.889	0.143	10.29	1m_t5
623	1555795762881	-0.839	0.138	10.28	1m_t5
624	1555795762884	-0.815	0.15	10.261	1m_t5
625	1555795762886	-0.772	0.157	10.254	1m_t5
626	1555795762888	-0.719	0.126	10.239	1m_t5
627	1555795762890	-0.65	0.135	10.227	1m_t5
628	1555795762893	-0.64	0.107	10.191	1m_t5
629	1555795762895	-0.635	0.092	10.184	1m_t5
630	1555795762898	-0.628	0.116	10.17	1m_t5
631	1555795762900	-0.602	0.107	10.136	1m_t5
632	1555795762904	-0.597	0.143	10.103	1m_t5
633	1555795762905	-0.599	0.164	9.99	1m_t5
634	1555795762908	-0.635	0.188	9.923	1m_t5
635	1555795762910	-0.664	0.231	9.835	1m_t5
636	1555795762913	-0.686	0.258	9.761	1m_t5
637	1555795762915	-0.717	0.289	9.689	1m_t5
638	1555795762918	-0.724	0.296	9.634	1m_t5
639	1555795762920	-0.757	0.281	9.581	1m_t5
640	1555795762923	-0.762	0.286	9.536	1m_t5
641	1555795762925	-0.772	0.291	9.507	1m_t5
642	1555795762927	-0.796	0.265	9.48	1m_t5
643	1555795762929	-0.801	0.236	9.437	1m_t5
644	1555795762932	-0.803	0.238	9.464	1m_t5
645	1555795762934	-0.839	0.19	9.435	1m_t5
646	1555795762940	-0.856	0.164	9.423	1m_t5
647	1555795762941	-0.877	0.114	9.409	1m_t5
648	1555795762943	-0.939	0.085	9.406	1m_t5
649	1555795762944	-0.982	0.052	9.406	1m_t5
650	1555795762946	-1.042	0.018	9.435	1m_t5
651	1555795762948	-1.114	-0.02	9.478	1m_t5
652	1555795762952	-1.181	-0.073	9.478	1m_t5
653	1555795762954	-1.284	-0.123	9.538	1m_t5
654	1555795762956	-1.354	-0.154	9.605	1m_t5
655	1555795762958	-1.433	-0.209	9.662	1m_t5
656	1555795762961	-1.504	-0.281	9.705	1m_t5
657	1555795762963	-1.536	-0.365	9.763	1m_t5
658	1555795762965	-1.579	-0.398	9.758	1m_t5
659	1555795762967	-1.629	-0.487	9.756	1m_t5
660	1555795762971	-1.682	-0.537	9.72	1m_t5
661	1555795762972	-1.682	-0.583	9.753	1m_t5
662	1555795762975	-1.686	-0.607	9.756	1m_t5
663	1555795762977	-1.674	-0.597	9.775	1m_t5
664	1555795762981	-1.641	-0.616	9.82	1m_t5
665	1555795762983	-1.588	-0.592	9.868	1m_t5
666	1555795762984	-1.533	-0.549	9.95	1m_t5
667	1555795762988	-1.49	-0.533	10.014	1m_t5
668	1555795762989	-1.401	-0.47	10.074	1m_t5
669	1555795762992	-1.339	-0.42	10.136	1m_t5
670	1555795762994	-1.243	-0.343	10.191	1m_t5
671	1555795762997	-1.174	-0.296	10.187	1m_t5
672	1555795763000	-1.052	-0.245	10.165	1m_t5
673	1555795763001	-0.942	-0.166	10.146	1m_t5
674	1555795763003	-0.812	-0.114	10.079	1m_t5
675	1555795763006	-0.722	-0.092	10.029	1m_t5
676	1555795763008	-0.626	-0.027	9.974	1m_t5
677	1555795763012	-0.535	0.03	9.933	1m_t5
678	1555795763013	-0.468	0.097	9.856	1m_t5
679	1555795763016	-0.401	0.162	9.808	1m_t5
680	1555795763019	-0.319	0.214	9.753	1m_t5
681	1555795763020	-0.267	0.246	9.713	1m_t5
682	1555795763024	-0.24	0.274	9.641	1m_t5
683	1555795763025	-0.238	0.289	9.55	1m_t5
684	1555795763028	-0.245	0.291	9.464	1m_t5
685	1555795763030	-0.252	0.243	9.387	1m_t5
686	1555795763033	-0.271	0.179	9.27	1m_t5
687	1555795763035	-0.322	0.119	9.157	1m_t5
688	1555795763038	-0.355	0.052	9.004	1m_t5
689	1555795763039	-0.41	0.004	8.868	1m_t5
690	1555795763043	-0.449	-0.039	8.767	1m_t5
691	1555795763044	-0.496	-0.056	8.683	1m_t5
692	1555795763047	-0.552	-0.039	8.619	1m_t5
693	1555795763049	-0.583	-0.023	8.611	1m_t5
694	1555795763052	-0.599	-0.037	8.638	1m_t5
695	1555795763054	-0.621	0.009	8.705	1m_t5
696	1555795763057	-0.621	0.037	8.796	1m_t5
697	1555795763059	-0.619	0.078	8.932	1m_t5
698	1555795763062	-0.58	0.116	9.069	1m_t5
699	1555795763064	-0.59	0.138	9.215	1m_t5
700	1555795763065	-0.537	0.193	9.358	1m_t5
701	1555795763068	-0.487	0.238	9.495	1m_t5
702	1555795763071	-0.415	0.255	9.598	1m_t5
703	1555795763073	-0.324	0.265	9.691	1m_t5
704	1555795763076	-0.252	0.267	9.801	1m_t5
705	1555795763078	-0.188	0.272	9.916	1m_t5
706	1555795763080	-0.104	0.272	10.026	1m_t5
707	1555795763083	-0.025	0.281	10.127	1m_t5
708	1555795763085	0.023	0.262	10.27	1m_t5
709	1555795763090	0.088	0.253	10.4	1m_t5
710	1555795763092	0.112	0.243	10.515	1m_t5
711	1555795763093	0.152	0.286	10.596	1m_t5
712	1555795763097	0.148	0.272	10.651	1m_t5
713	1555795763098	0.136	0.274	10.677	1m_t5
714	1555795763099	0.109	0.262	10.716	1m_t5
715	1555795763103	0.078	0.269	10.713	1m_t5
716	1555795763104	0.011	0.279	10.699	1m_t5
717	1555795763107	-0.027	0.253	10.632	1m_t5
718	1555795763108	-0.063	0.255	10.551	1m_t5
719	1555795763112	-0.092	0.25	10.438	1m_t5
720	1555795763116	-0.135	0.25	10.29	1m_t5
721	1555795763117	-0.176	0.234	10.187	1m_t5
722	1555795763119	-0.173	0.205	10.06	1m_t5
723	1555795763120	-0.202	0.183	9.969	1m_t5
724	1555795763123	-0.185	0.238	9.916	1m_t5
725	1555795763125	-0.224	0.296	9.863	1m_t5
726	1555795763127	-0.233	0.296	9.811	1m_t5
727	1555795763130	-0.264	0.301	9.825	1m_t5
728	1555795763133	-0.305	0.289	9.811	1m_t5
729	1555795763135	-0.331	0.258	9.799	1m_t5
730	1555795763138	-0.391	0.222	9.768	1m_t5
731	1555795763140	-0.422	0.14	9.691	1m_t5
732	1555795763143	-0.461	0.088	9.648	1m_t5
733	1555795763144	-0.487	0.013	9.564	1m_t5
734	1555795763147	-0.501	-0.082	9.483	1m_t5
735	1555795763149	-0.525	-0.147	9.428	1m_t5
736	1555795763152	-0.556	-0.2	9.349	1m_t5
737	1555795763155	-0.604	-0.269	9.291	1m_t5
738	1555795763156	-0.669	-0.291	9.282	1m_t5
739	1555795763159	-0.714	-0.351	9.279	1m_t5
740	1555795763162	-0.753	-0.365	9.33	1m_t5
741	1555795763163	-0.793	-0.375	9.368	1m_t5
742	1555795763166	-0.834	-0.394	9.435	1m_t5
743	1555795763168	-0.851	-0.398	9.476	1m_t5
744	1555795763171	-0.865	-0.389	9.54	1m_t5
745	1555795763173	-0.868	-0.379	9.576	1m_t5
746	1555795763175	-0.848	-0.339	9.598	1m_t5
747	1555795763179	-0.817	-0.319	9.6	1m_t5
748	1555795763180	-0.803	-0.281	9.626	1m_t5
749	1555795763183	-0.745	-0.243	9.658	1m_t5
750	1555795763185	-0.722	-0.181	9.694	1m_t5
751	1555795763187	-0.654	-0.133	9.78	1m_t5
752	1555795763191	-0.611	-0.075	9.871	1m_t5
753	1555795763193	-0.537	-0.037	9.921	1m_t5
754	1555795763195	-0.489	-0.003	9.978	1m_t5
755	1555795763197	-0.437	0.044	10.072	1m_t5
756	1555795763199	-0.367	0.092	10.112	1m_t5
757	1555795763202	-0.331	0.128	10.151	1m_t5
758	1555795763205	-0.264	0.186	10.168	1m_t5
759	1555795763207	-0.24	0.224	10.184	1m_t5
760	1555795763210	-0.197	0.277	10.206	1m_t5
761	1555795763212	-0.202	0.303	10.213	1m_t5
762	1555795763215	-0.202	0.329	10.239	1m_t5
763	1555795763216	-0.219	0.353	10.247	1m_t5
764	1555795763219	-0.267	0.325	10.266	1m_t5
765	1555795763222	-0.295	0.315	10.227	1m_t5
766	1555795763223	-0.346	0.236	10.175	1m_t5
767	1555795763226	-0.42	0.171	10.103	1m_t5
768	1555795763229	-0.504	0.085	9.978	1m_t5
769	1555795763232	-0.575	0.023	9.871	1m_t5
770	1555795763235	-0.7	-0.075	9.763	1m_t5
771	1555795763236	-0.779	-0.152	9.727	1m_t5
772	1555795763238	-0.88	-0.205	9.665	1m_t5
773	1555795763240	-0.947	-0.255	9.624	1m_t5
774	1555795763243	-1.011	-0.315	9.607	1m_t5
775	1555795763245	-1.05	-0.343	9.631	1m_t5
776	1555795763249	-1.095	-0.355	9.655	1m_t5
777	1555795763251	-1.121	-0.382	9.727	1m_t5
778	1555795763252	-1.119	-0.394	9.78	1m_t5
779	1555795763256	-1.143	-0.406	9.868	1m_t5
780	1555795763258	-1.1	-0.427	9.931	1m_t5
781	1555795763261	-1.069	-0.403	10.014	1m_t5
782	1555795763263	-0.999	-0.406	10.065	1m_t5
783	1555795763265	-0.944	-0.382	10.134	1m_t5
784	1555795763267	-0.877	-0.343	10.175	1m_t5
785	1555795763269	-0.834	-0.372	10.225	1m_t5
786	1555795763271	-0.767	-0.398	10.251	1m_t5
787	1555795763275	-0.731	-0.406	10.27	1m_t5
788	1555795763276	-0.678	-0.413	10.266	1m_t5
789	1555795763279	-0.602	-0.418	10.28	1m_t5
790	1555795763282	-0.54	-0.415	10.278	1m_t5
791	1555795763284	-0.482	-0.384	10.299	1m_t5
792	1555795763287	-0.425	-0.372	10.285	1m_t5
793	1555795763288	-0.398	-0.312	10.314	1m_t5
794	1555795763291	-0.358	-0.276	10.354	1m_t5
795	1555795763293	-0.343	-0.262	10.352	1m_t5
796	1555795763297	-0.384	-0.252	10.323	1m_t5
797	1555795763298	-0.391	-0.214	10.235	1m_t5
798	1555795763303	-0.432	-0.214	10.139	1m_t5
799	1555795763304	-0.408	-0.178	10.084	1m_t5
800	1555795763308	-0.394	-0.145	10.014	1m_t5
801	1555795763309	-0.396	-0.13	9.957	1m_t5
802	1555795763310	-0.391	-0.099	9.945	1m_t5
803	1555795763313	-0.398	-0.054	9.993	1m_t5
804	1555795763314	-0.389	0.013	10.031	1m_t5
805	1555795763319	-0.384	0.042	10.091	1m_t5
806	1555795763320	-0.396	0.097	10.148	1m_t5
807	1555795763323	-0.401	0.126	10.184	1m_t5
808	1555795763325	-0.41	0.143	10.23	1m_t5
809	1555795763327	-0.446	0.135	10.259	1m_t5
810	1555795763329	-0.444	0.152	10.292	1m_t5
811	1555795763331	-0.432	0.159	10.316	1m_t5
812	1555795763334	-0.417	0.131	10.323	1m_t5
813	1555795763336	-0.372	0.15	10.333	1m_t5
814	1555795763338	-0.334	0.145	10.326	1m_t5
815	1555795763342	-0.31	0.152	10.364	1m_t5
816	1555795763344	-0.288	0.135	10.373	1m_t5
817	1555795763346	-0.257	0.088	10.385	1m_t5
818	1555795763348	-0.24	0.049	10.333	1m_t5
819	1555795763351	-0.245	0.02	10.304	1m_t5
820	1555795763352	-0.245	-0.025	10.254	1m_t5
821	1555795763355	-0.271	-0.056	10.201	1m_t5
822	1555795763358	-0.288	-0.075	10.141	1m_t5
823	1555795763360	-0.286	-0.116	10.041	1m_t5
824	1555795763364	-0.286	-0.145	9.914	1m_t5
825	1555795763365	-0.319	-0.193	9.799	1m_t5
826	1555795763367	-0.355	-0.255	9.705	1m_t5
827	1555795763370	-0.427	-0.348	9.593	1m_t5
828	1555795763372	-0.47	-0.41	9.468	1m_t5
829	1555795763374	-0.535	-0.516	9.351	1m_t5
830	1555795763377	-0.599	-0.576	9.21	1m_t5
831	1555795763379	-0.662	-0.667	9.042	1m_t5
832	1555795763382	-0.743	-0.738	8.911	1m_t5
833	1555795763384	-0.812	-0.755	8.817	1m_t5
834	1555795763387	-0.853	-0.793	8.745	1m_t5
835	1555795763388	-0.927	-0.832	8.741	1m_t5
836	1555795763391	-0.987	-0.829	8.808	1m_t5
837	1555795763395	-1.04	-0.808	8.942	1m_t5
838	1555795763397	-1.069	-0.81	9.102	1m_t5
839	1555795763398	-1.088	-0.822	9.284	1m_t5
840	1555795763401	-1.124	-0.796	9.454	1m_t5
841	1555795763403	-1.136	-0.798	9.619	1m_t5
842	1555795763407	-1.138	-0.808	9.806	1m_t5
843	1555795763408	-1.155	-0.832	9.978	1m_t5
844	1555795763410	-1.138	-0.875	10.141	1m_t5
845	1555795763414	-1.102	-0.928	10.278	1m_t5
846	1555795763418	-1.061	-0.973	10.373	1m_t5
847	1555795763419	-0.99	-1.009	10.433	1m_t5
848	1555795763420	-0.877	-1.042	10.491	1m_t5
849	1555795763422	-0.801	-1.045	10.534	1m_t5
850	1555795763425	-0.733	-1.038	10.56	1m_t5
851	1555795763427	-0.631	-1.031	10.625	1m_t5
852	1555795763429	-0.559	-1.019	10.642	1m_t5
853	1555795763434	-0.456	-1.011	10.67	1m_t5
854	1555795763435	-0.372	-0.971	10.675	1m_t5
855	1555795763436	-0.286	-0.952	10.642	1m_t5
856	1555795763443	-0.214	-0.877	10.567	1m_t5
857	1555795763444	-0.147	-0.861	10.476	1m_t5
858	1555795763445	-0.123	-0.774	10.318	1m_t5
859	1555795763447	-0.145	-0.705	10.151	1m_t5
860	1555795763449	-0.159	-0.635	9.94	1m_t5
861	1555795763450	-0.188	-0.554	9.763	1m_t5
862	1555795763455	-0.231	-0.466	9.562	1m_t5
863	1555795763457	-0.283	-0.375	9.394	1m_t5
864	1555795763461	-0.343	-0.327	9.215	1m_t5
865	1555795763462	-0.42	-0.286	9.052	1m_t5
866	1555795763464	-0.451	-0.257	8.937	1m_t5
867	1555795763465	-0.511	-0.276	8.832	1m_t5
868	1555795763467	-0.556	-0.288	8.769	1m_t5
869	1555795763470	-0.59	-0.312	8.688	1m_t5
870	1555795763473	-0.631	-0.319	8.611	1m_t5
871	1555795763475	-0.683	-0.363	8.559	1m_t5
872	1555795763478	-0.702	-0.375	8.523	1m_t5
873	1555795763480	-0.733	-0.432	8.516	1m_t5
874	1555795763482	-0.765	-0.473	8.516	1m_t5
875	1555795763487	-0.765	-0.487	8.556	1m_t5
876	1555795763488	-0.774	-0.485	8.664	1m_t5
877	1555795763489	-0.731	-0.485	8.793	1m_t5
878	1555795763492	-0.714	-0.485	8.887	1m_t5
879	1555795763494	-0.705	-0.444	9.028	1m_t5
880	1555795763498	-0.681	-0.43	9.167	1m_t5
881	1555795763500	-0.631	-0.382	9.318	1m_t5
882	1555795763502	-0.595	-0.339	9.447	1m_t5
883	1555795763503	-0.571	-0.339	9.567	1m_t5
884	1555795763506	-0.552	-0.315	9.691	1m_t5
885	1555795763508	-0.525	-0.336	9.799	1m_t5
886	1555795763514	-0.504	-0.346	9.887	1m_t5
887	1555795763516	-0.441	-0.365	9.95	1m_t5
888	1555795763519	-0.405	-0.384	9.976	1m_t5
889	1555795763521	-0.379	-0.387	9.962	1m_t5
890	1555795763522	-0.36	-0.394	9.986	1m_t5
891	1555795763523	-0.355	-0.37	9.974	1m_t5
892	1555795763527	-0.336	-0.375	9.957	1m_t5
893	1555795763529	-0.326	-0.372	9.919	1m_t5
894	1555795763530	-0.329	-0.341	9.909	1m_t5
895	1555795763533	-0.338	-0.284	9.909	1m_t5
896	1555795763535	-0.358	-0.286	9.933	1m_t5
897	1555795763538	-0.417	-0.262	9.995	1m_t5
898	1555795763540	-0.432	-0.233	10.048	1m_t5
899	1555795763542	-0.444	-0.214	10.129	1m_t5
900	1555795763544	-0.458	-0.209	10.206	1m_t5
901	1555795763550	-0.439	-0.2	10.256	1m_t5
902	1555795763551	-0.449	-0.178	10.314	1m_t5
903	1555795763552	-0.432	-0.166	10.407	1m_t5
904	1555795763554	-0.413	-0.195	10.45	1m_t5
905	1555795763556	-0.389	-0.209	10.493	1m_t5
906	1555795763559	-0.384	-0.185	10.512	1m_t5
907	1555795763563	-0.379	-0.178	10.503	1m_t5
908	1555795763564	-0.353	-0.205	10.46	1m_t5
909	1555795763565	-0.322	-0.226	10.395	1m_t5
910	1555795763570	-0.295	-0.212	10.306	1m_t5
911	1555795763571	-0.262	-0.188	10.22	1m_t5
912	1555795763573	-0.257	-0.19	10.134	1m_t5
913	1555795763575	-0.255	-0.159	10.055	1m_t5
914	1555795763577	-0.247	-0.152	9.94	1m_t5
915	1555795763582	-0.238	-0.166	9.847	1m_t5
916	1555795763583	-0.228	-0.111	9.768	1m_t5
917	1555795763584	-0.269	-0.114	9.667	1m_t5
918	1555795763589	-0.269	-0.085	9.631	1m_t5
919	1555795763590	-0.31	-0.063	9.521	1m_t5
920	1555795763593	-0.343	-0.039	9.49	1m_t5
921	1555795763594	-0.379	-0.051	9.433	1m_t5
922	1555795763599	-0.41	-0.051	9.38	1m_t5
923	1555795763600	-0.446	-0.027	9.366	1m_t5
924	1555795763603	-0.47	0.011	9.339	1m_t5
925	1555795763604	-0.492	-0.001	9.37	1m_t5
926	1555795763607	-0.532	-0.011	9.471	1m_t5
927	1555795763608	-0.561	-0.032	9.622	1m_t5
928	1555795763613	-0.556	-0.037	9.725	1m_t5
929	1555795763614	-0.559	-0.063	9.782	1m_t5
930	1555795763615	-0.566	-0.135	9.875	1m_t5
931	1555795763620	-0.549	-0.264	9.983	1m_t5
932	1555795763621	-0.547	-0.343	10.06	1m_t5
933	1555795763625	-0.54	-0.492	10.148	1m_t5
934	1555795763627	-0.516	-0.585	10.23	1m_t5
935	1555795763628	-0.559	-0.679	10.29	1m_t5
936	1555795763631	-0.549	-0.734	10.292	1m_t5
937	1555795763633	-0.508	-0.762	10.273	1m_t5
938	1555795763635	-0.47	-0.748	10.29	1m_t5
939	1555795763637	-0.432	-0.707	10.292	1m_t5
940	1555795763640	-0.372	-0.65	10.261	1m_t5
941	1555795763643	-0.293	-0.54	10.261	1m_t5
942	1555795763644	-0.24	-0.437	10.244	1m_t5
943	1555795763654	-0.197	-0.307	10.225	1m_t5
944	1555795763655	-0.118	-0.202	10.244	1m_t5
945	1555795763656	-0.063	-0.09	10.244	1m_t5
946	1555795763657	-0.01	0.023	10.199	1m_t5
947	1555795763658	0.045	0.107	10.115	1m_t5
948	1555795763659	0.109	0.202	10.022	1m_t5
949	1555795763661	0.143	0.296	9.933	1m_t5
950	1555795763664	0.186	0.375	9.83	1m_t5
951	1555795763666	0.203	0.406	9.765	1m_t5
952	1555795763670	0.241	0.43	9.638	1m_t5
953	1555795763671	0.291	0.427	9.526	1m_t5
954	1555795763673	0.315	0.439	9.425	1m_t5
955	1555795763676	0.289	0.432	9.363	1m_t5
956	1555795763678	0.308	0.425	9.339	1m_t5
957	1555795763681	0.277	0.416	9.366	1m_t5
958	1555795763683	0.258	0.399	9.411	1m_t5
959	1555795763685	0.217	0.375	9.497	1m_t5
960	1555795763689	0.195	0.346	9.581	1m_t5
961	1555795763690	0.155	0.348	9.646	1m_t5
962	1555795763692	0.092	0.325	9.746	1m_t5
963	1555795763695	0.037	0.291	9.835	1m_t5
964	1555795763697	0.018	0.296	9.931	1m_t5
965	1555795763699	0.009	0.327	9.988	1m_t5
966	1555795763702	0.002	0.36	10.031	1m_t5
967	1555795763704	0.013	0.363	10.065	1m_t5
968	1555795763707	0.004	0.377	10.089	1m_t5
969	1555795763709	-0.001	0.411	10.141	1m_t5
970	1555795763712	-0.001	0.408	10.208	1m_t5
971	1555795763713	0.035	0.389	10.144	1m_t5
972	1555795763716	0.085	0.37	10.084	1m_t5
973	1555795763719	0.116	0.325	10.012	1m_t5
974	1555795763721	0.148	0.241	9.935	1m_t5
975	1555795763724	0.16	0.162	9.844	1m_t5
976	1555795763726	0.179	0.078	9.789	1m_t5
977	1555795763728	0.188	-0.039	9.698	1m_t5
978	1555795763731	0.191	-0.164	9.648	1m_t5
979	1555795763733	0.181	-0.25	9.583	1m_t5
980	1555795763736	0.169	-0.348	9.507	1m_t5
981	1555795763737	0.186	-0.432	9.394	1m_t5
982	1555795763740	0.203	-0.485	9.303	1m_t5
983	1555795763742	0.236	-0.466	9.219	1m_t5
984	1555795763745	0.224	-0.468	9.145	1m_t5
985	1555795763747	0.291	-0.413	9.109	1m_t5
986	1555795763749	0.332	-0.348	9.119	1m_t5
987	1555795763753	0.375	-0.252	9.157	1m_t5
988	1555795763755	0.397	-0.176	9.229	1m_t5
989	1555795763756	0.461	-0.056	9.318	1m_t5
990	1555795763760	0.497	0.037	9.421	1m_t5
991	1555795763762	0.545	0.15	9.495	1m_t5
992	1555795763765	0.583	0.246	9.595	1m_t5
993	1555795763766	0.619	0.358	9.677	1m_t5
994	1555795763769	0.622	0.442	9.708	1m_t5
995	1555795763771	0.622	0.502	9.773	1m_t5
996	1555795763774	0.624	0.559	9.804	1m_t5
997	1555795763776	0.607	0.595	9.792	1m_t5
998	1555795763778	0.567	0.602	9.761	1m_t5
999	1555795763781	0.543	0.641	9.689	1m_t5
1000	1555795763784	0.511	0.621	9.643	1m_t5
1001	1555795763786	0.468	0.59	9.54	1m_t5
1002	1555795763788	0.423	0.559	9.461	1m_t5
1003	1555795763790	0.346	0.55	9.413	1m_t5
1004	1555795763792	0.239	0.554	9.409	1m_t5
1005	1555795763795	0.136	0.514	9.385	1m_t5
1006	1555795763797	0.004	0.463	9.366	1m_t5
1007	1555795763800	-0.058	0.439	9.361	1m_t5
1008	1555795763803	-0.145	0.389	9.366	1m_t5
1009	1555795763804	-0.209	0.332	9.363	1m_t5
1010	1555795763808	-0.243	0.265	9.349	1m_t5
1011	1555795763809	-0.267	0.207	9.344	1m_t5
1012	1555795763813	-0.298	0.155	9.342	1m_t5
1013	1555795763814	-0.298	0.097	9.366	1m_t5
1014	1555795763817	-0.331	0.068	9.387	1m_t5
1015	1555795763819	-0.317	0.056	9.452	1m_t5
1016	1555795763822	-0.31	0.071	9.564	1m_t5
1017	1555795763823	-0.283	0.04	9.694	1m_t5
1018	1555795763827	-0.238	0.037	9.835	1m_t5
1019	1555795763828	-0.212	-0.006	9.998	1m_t5
1020	1555795763832	-0.13	-0.102	10.146	1m_t5
1021	1555795763833	-0.082	-0.173	10.266	1m_t5
1022	1555795763838	-0.015	-0.236	10.361	1m_t5
1023	1555795763840	0.016	-0.296	10.39	1m_t5
1024	1555795763843	0.045	-0.298	10.419	1m_t5
1025	1555795763844	0.037	-0.31	10.457	1m_t5
1026	1555795763845	0.061	-0.269	10.496	1m_t5
1027	1555795763847	0.064	-0.231	10.462	1m_t5
1028	1555795763851	0.092	-0.154	10.438	1m_t5
1029	1555795763853	0.128	-0.133	10.369	1m_t5
1030	1555795763855	0.152	-0.087	10.326	1m_t5
1031	1555795763857	0.164	-0.006	10.261	1m_t5
1032	1555795763860	0.2	0.044	10.158	1m_t5
1033	1555795763862	0.183	0.076	10.077	1m_t5
1034	1555795763865	0.181	0.152	10.005	1m_t5
1035	1555795763867	0.164	0.207	9.923	1m_t5
1036	1555795763869	0.131	0.238	9.866	1m_t5
1037	1555795763872	0.095	0.269	9.796	1m_t5
1038	1555795763874	0.035	0.293	9.71	1m_t5
1039	1555795763877	0.023	0.315	9.643	1m_t5
1040	1555795763880	-0.003	0.327	9.562	1m_t5
1041	1555795763881	-0.042	0.317	9.516	1m_t5
1042	1555795763883	-0.058	0.339	9.459	1m_t5
1043	1555795763886	-0.075	0.344	9.442	1m_t5
1044	1555795763888	-0.042	0.36	9.464	1m_t5
1045	1555795763892	-0.001	0.418	9.516	1m_t5
1046	1555795763893	0.057	0.471	9.576	1m_t5
1047	1555795763896	0.112	0.53	9.653	1m_t5
1048	1555795763898	0.162	0.614	9.744	1m_t5
1049	1555795763900	0.234	0.679	9.873	1m_t5
1050	1555795763903	0.301	0.717	9.952	1m_t5
1051	1555795763905	0.365	0.77	10.055	1m_t5
1052	1555795763908	0.466	0.794	10.132	1m_t5
1053	1555795763910	0.535	0.837	10.191	1m_t5
1054	1555795763912	0.629	0.839	10.213	1m_t5
1055	1555795763916	0.739	0.873	10.22	1m_t5
1056	1555795763917	0.789	0.894	10.194	1m_t5
1057	1555795763920	0.825	0.935	10.201	1m_t5
1058	1555795763922	0.914	0.933	10.177	1m_t5
1059	1555795763924	0.94	0.935	10.18	1m_t5
1060	1555795763927	0.935	0.909	10.172	1m_t5
1061	1555795763930	0.93	0.834	10.194	1m_t5
1062	1555795763931	0.861	0.758	10.196	1m_t5
1063	1555795763934	0.775	0.645	10.187	1m_t5
1064	1555795763937	0.674	0.535	10.127	1m_t5
1065	1555795763939	0.581	0.423	10.12	1m_t5
1066	1555795763941	0.461	0.348	10.105	1m_t5
1067	1555795763944	0.325	0.207	10.077	1m_t5
1068	1555795763946	0.198	0.111	10.043	1m_t5
1069	1555795763948	0.061	0.04	10.045	1m_t5
1070	1555795763951	-0.082	-0.032	10.024	1m_t5
1071	1555795763953	-0.231	-0.116	10.05	1m_t5
1072	1555795763955	-0.367	-0.178	10.067	1m_t5
1073	1555795763958	-0.475	-0.231	10.077	1m_t5
1074	1555795763960	-0.568	-0.286	10.098	1m_t5
1075	1555795763963	-0.657	-0.331	10.153	1m_t5
1076	1555795763965	-0.762	-0.351	10.175	1m_t5
1077	1555795763967	-0.798	-0.387	10.158	1m_t5
1078	1555795763969	-0.786	-0.401	10.122	1m_t5
1079	1555795763973	-0.779	-0.377	10.05	1m_t5
1080	1555795763975	-0.772	-0.394	10.031	1m_t5
1081	1555795763977	-0.729	-0.387	9.988	1m_t5
1082	1555795763980	-0.698	-0.303	9.978	1m_t5
1083	1555795763983	-0.623	-0.238	10.002	1m_t5
1084	1555795763984	-0.573	-0.183	10.043	1m_t5
1085	1555795763987	-0.532	-0.109	10.115	1m_t5
1086	1555795763989	-0.48	-0.015	10.23	1m_t5
1087	1555795763991	-0.427	0.052	10.342	1m_t5
1088	1555795763995	-0.382	0.078	10.412	1m_t5
1089	1555795763996	-0.331	0.133	10.503	1m_t5
1090	1555795764000	-0.291	0.179	10.527	1m_t5
1091	1555795764001	-0.279	0.147	10.589	1m_t5
1092	1555795764003	-0.245	0.193	10.615	1m_t5
1093	1555795764005	-0.18	0.224	10.613	1m_t5
1094	1555795764008	-0.145	0.238	10.61	1m_t5
1095	1555795764010	-0.13	0.265	10.603	1m_t5
1096	1555795764013	-0.111	0.269	10.598	1m_t5
1097	1555795764015	-0.125	0.26	10.62	1m_t5
1098	1555795764018	-0.142	0.274	10.632	1m_t5
1099	1555795764020	-0.188	0.25	10.627	1m_t5
1100	1555795764023	-0.219	0.241	10.642	1m_t5
1101	1555795764025	-0.269	0.193	10.627	1m_t5
1102	1555795764028	-0.293	0.198	10.63	1m_t5
1103	1555795764029	-0.331	0.19	10.646	1m_t5
1104	1555795764033	-0.398	0.164	10.654	1m_t5
1105	1555795764036	-0.434	0.121	10.675	1m_t5
1106	1555795764037	-0.468	0.099	10.697	1m_t5
1107	1555795764040	-0.516	0.08	10.689	1m_t5
1108	1555795764042	-0.559	0.025	10.675	1m_t5
1109	1555795764044	-0.587	-0.013	10.651	1m_t5
1110	1555795764047	-0.604	-0.075	10.618	1m_t5
1111	1555795764048	-0.602	-0.087	10.575	1m_t5
1112	1555795764052	-0.602	-0.114	10.498	1m_t5
1113	1555795764053	-0.628	-0.114	10.448	1m_t5
1114	1555795764058	-0.659	-0.126	10.402	1m_t5
1115	1555795764059	-0.683	-0.154	10.342	1m_t5
1116	1555795764060	-0.712	-0.183	10.299	1m_t5
1117	1555795764064	-0.769	-0.228	10.249	1m_t5
1118	1555795764065	-0.805	-0.255	10.225	1m_t5
1119	1555795764069	-0.884	-0.346	10.218	1m_t5
1120	1555795764071	-0.961	-0.401	10.225	1m_t5
1121	1555795764073	-1.028	-0.463	10.249	1m_t5
1122	1555795764075	-1.081	-0.533	10.235	1m_t5
1123	1555795764077	-1.148	-0.612	10.208	1m_t5
1124	1555795764080	-1.236	-0.681	10.175	1m_t5
1125	1555795764083	-1.287	-0.726	10.148	1m_t5
1126	1555795764085	-1.322	-0.808	10.086	1m_t5
1127	1555795764087	-1.318	-0.865	10.043	1m_t5
1128	1555795764093	-1.294	-0.87	9.998	1m_t5
1129	1555795764094	-1.287	-0.853	9.966	1m_t5
1130	1555795764095	-1.255	-0.81	9.931	1m_t5
1131	1555795764096	-1.198	-0.7	9.923	1m_t5
1132	1555795764101	-1.133	-0.592	9.966	1m_t5
1133	1555795764102	-1.04	-0.466	10.005	1m_t5
1134	1555795764104	-0.93	-0.322	10.043	1m_t5
1135	1555795764108	-0.789	-0.176	10.098	1m_t5
1136	1555795764109	-0.64	-0.011	10.158	1m_t5
1137	1555795764111	-0.451	0.128	10.189	1m_t5
1138	1555795764118	-0.267	0.277	10.22	1m_t5
1139	1555795764120	-0.073	0.387	10.27	1m_t5
1140	1555795764121	0.124	0.542	10.294	1m_t5
1141	1555795764123	0.262	0.657	10.285	1m_t5
1142	1555795764124	0.425	0.722	10.342	1m_t5
1143	1555795764128	0.547	0.849	10.371	1m_t5
1144	1555795764129	0.653	0.921	10.402	1m_t5
1145	1555795764130	0.739	0.954	10.436	1m_t5
1146	1555795764137	0.756	1.012	10.467	1m_t5
1147	1555795764138	0.784	1.038	10.474	1m_t5
1148	1555795764141	0.789	1.05	10.464	1m_t5
1149	1555795764142	0.775	1.026	10.426	1m_t5
1150	1555795764143	0.713	1.019	10.402	1m_t5
1151	1555795764144	0.662	0.971	10.405	1m_t5
1152	1555795764148	0.598	0.892	10.352	1m_t5
1153	1555795764150	0.509	0.837	10.254	1m_t5
1154	1555795764152	0.404	0.746	10.124	1m_t5
1155	1555795764154	0.31	0.679	9.957	1m_t5
1156	1555795764157	0.229	0.595	9.88	1m_t5
1157	1555795764159	0.15	0.574	9.773	1m_t5
1158	1555795764161	0.083	0.495	9.694	1m_t5
1159	1555795764165	0.047	0.459	9.636	1m_t5
1160	1555795764166	-0.018	0.435	9.61	1m_t5
1161	1555795764168	-0.027	0.384	9.591	1m_t5
1162	1555795764171	0.021	0.375	9.555	1m_t5
1163	1555795764173	0.037	0.313	9.55	1m_t5
1164	1555795764177	0.061	0.279	9.524	1m_t5
1165	1555795764178	0.104	0.255	9.509	1m_t5
1166	1555795764181	0.138	0.212	9.533	1m_t5
1167	1555795764183	0.193	0.159	9.564	1m_t5
1168	1555795764186	0.2	0.152	9.583	1m_t5
1169	1555795764188	0.258	0.121	9.631	1m_t5
1170	1555795764189	0.296	0.116	9.67	1m_t5
1171	1555795764195	0.334	0.119	9.674	1m_t5
1172	1555795764196	0.363	0.14	9.686	1m_t5
1173	1555795764197	0.406	0.164	9.689	1m_t5
1174	1555795764205	0.375	0.183	9.717	1m_t5
1175	1555795764207	0.368	0.19	9.737	1m_t5
1176	1555795764209	0.325	0.214	9.761	1m_t5
1177	1555795764210	0.265	0.195	9.765	1m_t5
1178	1555795764211	0.219	0.186	9.801	1m_t5
1179	1555795764212	0.171	0.188	9.775	1m_t5
1180	1555795764214	0.1	0.152	9.758	1m_t5
1181	1555795764217	0.042	0.131	9.725	1m_t5
1182	1555795764220	0.016	0.109	9.631	1m_t5
1183	1555795764222	0.025	0.116	9.543	1m_t5
1184	1555795764224	0.059	0.157	9.452	1m_t5
1185	1555795764226	0.138	0.179	9.387	1m_t5
1186	1555795764229	0.205	0.219	9.294	1m_t5
1187	1555795764230	0.291	0.25	9.251	1m_t5
1188	1555795764239	0.392	0.346	9.284	1m_t5
1189	1555795764240	0.507	0.38	9.368	1m_t5
1190	1555795764242	0.619	0.437	9.44	1m_t5
1191	1555795764243	0.753	0.511	9.524	1m_t5
1192	1555795764244	0.885	0.574	9.605	1m_t5
1193	1555795764245	1.012	0.638	9.667	1m_t5
1194	1555795764249	1.108	0.705	9.739	1m_t5
1195	1555795764250	1.199	0.772	9.794	1m_t5
1196	1555795764253	1.28	0.851	9.875	1m_t5
1197	1555795764255	1.345	0.868	9.885	1m_t5
1198	1555795764257	1.424	0.94	9.911	1m_t5
1199	1555795764259	1.424	0.971	9.938	1m_t5
1200	1555795764262	1.416	1	10.007	1m_t5
1201	1555795764264	1.397	1.021	10.091	1m_t5
1202	1555795764266	1.381	1.026	10.177	1m_t5
1203	1555795764270	1.378	1.021	10.242	1m_t5
1204	1555795764272	1.349	1.028	10.259	1m_t5
1205	1555795764274	1.323	1.002	10.27	1m_t5
1206	1555795764276	1.251	0.99	10.29	1m_t5
1207	1555795764278	1.179	0.966	10.273	1m_t5
1208	1555795764284	1.098	0.921	10.287	1m_t5
1209	1555795764285	0.971	0.897	10.268	1m_t5
1210	1555795764287	0.863	0.82	10.237	1m_t5
1211	1555795764288	0.768	0.799	10.232	1m_t5
1212	1555795764291	0.677	0.736	10.235	1m_t5
1213	1555795764293	0.55	0.665	10.199	1m_t5
1214	1555795764295	0.449	0.588	10.187	1m_t5
1215	1555795764297	0.315	0.499	10.201	1m_t5
1216	1555795764301	0.217	0.37	10.177	1m_t5
1217	1555795764302	0.102	0.248	10.148	1m_t5
1218	1555795764305	-0.02	0.135	10.144	1m_t5
1219	1555795764307	-0.118	0.023	10.098	1m_t5
1220	1555795764309	-0.214	-0.092	10.065	1m_t5
1221	1555795764312	-0.291	-0.209	10.033	1m_t5
1222	1555795764314	-0.389	-0.307	10.029	1m_t5
1223	1555795764316	-0.439	-0.387	10.007	1m_t5
1224	1555795764319	-0.513	-0.427	9.995	1m_t5
1225	1555795764322	-0.561	-0.463	10.022	1m_t5
1226	1555795764324	-0.599	-0.489	10.053	1m_t5
1227	1555795764326	-0.614	-0.533	10.033	1m_t5
1228	1555795764329	-0.621	-0.533	10.045	1m_t5
1229	1555795764331	-0.599	-0.53	10.024	1m_t5
1230	1555795764333	-0.573	-0.494	9.983	1m_t5
1231	1555795764336	-0.528	-0.439	9.928	1m_t5
1232	1555795764338	-0.463	-0.446	9.88	1m_t5
1233	1555795764340	-0.413	-0.406	9.825	1m_t5
1234	1555795764343	-0.382	-0.377	9.756	1m_t5
1235	1555795764347	-0.322	-0.343	9.72	1m_t5
1236	1555795764348	-0.271	-0.238	9.679	1m_t5
1237	1555795764359	-0.19	-0.212	9.653	1m_t5
1238	1555795764360	-0.097	-0.149	9.631	1m_t5
1239	1555795764361	-0.027	-0.056	9.588	1m_t5
1240	1555795764362	0.018	-0.006	9.622	1m_t5
1241	1555795764363	0.102	0.052	9.615	1m_t5
1242	1555795764364	0.143	0.092	9.591	1m_t5
1243	1555795764366	0.205	0.107	9.612	1m_t5
1244	1555795764367	0.289	0.109	9.595	1m_t5
1245	1555795764368	0.365	0.147	9.528	1m_t5
1246	1555795764372	0.478	0.195	9.48	1m_t5
1247	1555795764373	0.59	0.265	9.435	1m_t5
1248	1555795764376	0.713	0.363	9.392	1m_t5
1249	1555795764378	0.832	0.427	9.404	1m_t5
1250	1555795764381	0.873	0.502	9.435	1m_t5
1251	1555795764383	0.914	0.521	9.497	1m_t5
1252	1555795764386	0.935	0.581	9.576	1m_t5
1253	1555795764387	0.911	0.621	9.626	1m_t5
1254	1555795764390	0.854	0.629	9.722	1m_t5
1255	1555795764392	0.823	0.643	9.832	1m_t5
1256	1555795764395	0.799	0.631	9.899	1m_t5
1257	1555795764397	0.739	0.597	9.976	1m_t5
1258	1555795764399	0.72	0.576	10.005	1m_t5
1259	1555795764402	0.703	0.554	10.029	1m_t5
1260	1555795764405	0.686	0.48	10.057	1m_t5
1261	1555795764407	0.669	0.456	10.041	1m_t5
1262	1555795764409	0.617	0.38	9.988	1m_t5
1263	1555795764412	0.574	0.327	9.969	1m_t5
1264	1555795764415	0.521	0.262	9.907	1m_t5
1265	1555795764417	0.449	0.238	9.873	1m_t5
1266	1555795764419	0.404	0.19	9.847	1m_t5
1267	1555795764422	0.334	0.167	9.796	1m_t5
1268	1555795764424	0.258	0.121	9.758	1m_t5
1269	1555795764427	0.191	0.083	9.741	1m_t5
1270	1555795764428	0.138	0.08	9.744	1m_t5
1271	1555795764431	0.095	0.071	9.729	1m_t5
1272	1555795764434	0.069	0.059	9.741	1m_t5
1273	1555795764436	0.033	0.064	9.756	1m_t5
1274	1555795764439	0.016	0.066	9.761	1m_t5
1275	1555795764440	0.013	0.085	9.773	1m_t5
1276	1555795764443	0.054	0.097	9.729	1m_t5
1277	1555795764446	0.081	0.119	9.703	1m_t5
1278	1555795764448	0.157	0.183	9.638	1m_t5
1279	1555795764450	0.234	0.202	9.567	1m_t5
1280	1555795764453	0.291	0.253	9.564	1m_t5
1281	1555795764456	0.349	0.32	9.55	1m_t5
1282	1555795764458	0.411	0.363	9.552	1m_t5
1283	1555795764460	0.492	0.425	9.504	1m_t5
1284	1555795764463	0.569	0.485	9.435	1m_t5
1285	1555795764464	0.681	0.574	9.361	1m_t5
1286	1555795764467	0.787	0.607	9.284	1m_t5
1287	1555795764469	0.856	0.674	9.229	1m_t5
1288	1555795764472	0.938	0.717	9.205	1m_t5
1289	1555795764474	0.976	0.765	9.248	1m_t5
1290	1555795764477	0.988	0.801	9.308	1m_t5
1291	1555795764479	0.976	0.839	9.37	1m_t5
1292	1555795764483	0.954	0.844	9.447	1m_t5
1293	1555795764484	0.899	0.842	9.531	1m_t5
1294	1555795764487	0.851	0.801	9.638	1m_t5
1295	1555795764489	0.772	0.77	9.684	1m_t5
1296	1555795764492	0.708	0.746	9.715	1m_t5
1297	1555795764493	0.655	0.681	9.765	1m_t5
1298	1555795764497	0.559	0.626	9.758	1m_t5
1299	1555795764499	0.459	0.586	9.808	1m_t5
1300	1555795764500	0.382	0.53	9.84	1m_t5
1301	1555795764504	0.298	0.49	9.859	1m_t5
1302	1555795764505	0.222	0.43	9.875	1m_t5
1303	1555795764508	0.155	0.396	9.863	1m_t5
1304	1555795764511	0.097	0.344	9.863	1m_t5
1305	1555795764513	0.047	0.298	9.823	1m_t5
1306	1555795764515	-0.001	0.267	9.758	1m_t5
1307	1555795764517	-0.032	0.21	9.725	1m_t5
1308	1555795764520	-0.054	0.183	9.679	1m_t5
1309	1555795764522	-0.089	0.135	9.619	1m_t5
1310	1555795764528	-0.089	0.131	9.6	1m_t5
1311	1555795764529	-0.075	0.162	9.574	1m_t5
1312	1555795764530	-0.018	0.181	9.543	1m_t5
1313	1555795764532	0.047	0.236	9.543	1m_t5
1314	1555795764535	0.145	0.269	9.545	1m_t5
1315	1555795764537	0.217	0.375	9.579	1m_t5
1316	1555795764539	0.303	0.451	9.607	1m_t5
1317	1555795764543	0.37	0.528	9.677	1m_t5
1318	1555795764544	0.418	0.597	9.741	1m_t5
1319	1555795764547	0.48	0.669	9.773	1m_t5
1320	1555795764550	0.528	0.7	9.828	1m_t5
1321	1555795764552	0.533	0.748	9.844	1m_t5
1322	1555795764554	0.562	0.765	9.844	1m_t5
1323	1555795764557	0.567	0.727	9.844	1m_t5
1324	1555795764558	0.567	0.712	9.823	1m_t5
1325	1555795764561	0.526	0.703	9.768	1m_t5
1326	1555795764563	0.499	0.665	9.746	1m_t5
1327	1555795764565	0.447	0.626	9.708	1m_t5
1328	1555795764573	0.377	0.588	9.689	1m_t5
1329	1555795764575	0.274	0.569	9.684	1m_t5
1330	1555795764577	0.183	0.511	9.696	1m_t5
1331	1555795764578	0.078	0.471	9.703	1m_t5
1332	1555795764579	-0.015	0.411	9.686	1m_t5
1333	1555795764580	-0.118	0.325	9.694	1m_t5
1334	1555795764583	-0.209	0.269	9.71	1m_t5
1335	1555795764585	-0.307	0.179	9.703	1m_t5
1336	1555795764587	-0.41	0.107	9.737	1m_t5
1337	1555795764591	-0.48	0.04	9.782	1m_t5
1338	1555795764592	-0.556	-0.068	9.787	1m_t5
1339	1555795764594	-0.628	-0.133	9.861	1m_t5
1340	1555795764598	-0.702	-0.197	9.878	1m_t5
1341	1555795764599	-0.753	-0.269	9.911	1m_t5
1342	1555795764602	-0.796	-0.305	9.954	1m_t5
1343	1555795764603	-0.846	-0.341	9.966	1m_t5
1344	1555795764609	-0.903	-0.372	9.976	1m_t5
1345	1555795764610	-0.939	-0.415	9.976	1m_t5
1346	1555795764611	-0.961	-0.415	10.012	1m_t5
1347	1555795764614	-0.975	-0.458	10.012	1m_t5
1348	1555795764616	-0.99	-0.461	10.036	1m_t5
1349	1555795764617	-0.999	-0.466	10.048	1m_t5
1350	1555795764620	-1.011	-0.475	10.055	1m_t5
1351	1555795764622	-1.042	-0.501	10.086	1m_t5
1352	1555795764625	-1.052	-0.497	10.127	1m_t5
1353	1555795764627	-1.076	-0.48	10.144	1m_t5
1354	1555795764631	-1.109	-0.48	10.16	1m_t5
1355	1555795764633	-1.119	-0.473	10.163	1m_t5
1356	1555795764634	-1.131	-0.473	10.189	1m_t5
1357	1555795764638	-1.114	-0.451	10.203	1m_t5
1358	1555795764639	-1.114	-0.454	10.215	1m_t5
1359	1555795764642	-1.114	-0.446	10.23	1m_t5
1360	1555795764644	-1.102	-0.42	10.247	1m_t5
1361	1555795764647	-1.073	-0.389	10.218	1m_t5
1362	1555795764649	-1.047	-0.372	10.208	1m_t5
1363	1555795764652	-1.002	-0.348	10.187	1m_t5
1364	1555795764653	-0.968	-0.303	10.18	1m_t5
1365	1555795764657	-0.915	-0.286	10.16	1m_t5
1366	1555795764658	-0.856	-0.252	10.129	1m_t5
1367	1555795764661	-0.805	-0.205	10.093	1m_t5
1368	1555795764664	-0.748	-0.169	10.057	1m_t5
1369	1555795764665	-0.669	-0.102	10.014	1m_t5
1370	1555795764669	-0.578	-0.037	9.933	1m_t5
1371	1555795764670	-0.482	0.076	9.83	1m_t5
1372	1555795764673	-0.334	0.143	9.751	1m_t5
1373	1555795764676	-0.245	0.246	9.715	1m_t5
1374	1555795764678	-0.13	0.37	9.708	1m_t5
1375	1555795764680	-0.058	0.425	9.722	1m_t5
1376	1555795764684	0.025	0.516	9.763	1m_t5
1377	1555795764685	0.09	0.569	9.794	1m_t5
1378	1555795764690	0.121	0.653	9.847	1m_t5
1379	1555795764691	0.145	0.705	9.878	1m_t5
1380	1555795764692	0.133	0.717	9.914	1m_t5
1381	1555795764696	0.133	0.734	9.969	1m_t5
1382	1555795764698	0.092	0.739	10.033	1m_t5
1383	1555795764699	0.071	0.748	10.05	1m_t5
1384	1555795764703	0.028	0.727	10.067	1m_t5
1385	1555795764704	-0.013	0.705	10.098	1m_t5
1386	1555795764707	-0.092	0.662	10.12	1m_t5
1387	1555795764708	-0.142	0.631	10.146	1m_t5
1388	1555795764713	-0.216	0.566	10.18	1m_t5
1389	1555795764714	-0.286	0.511	10.22	1m_t5
1390	1555795764717	-0.331	0.461	10.256	1m_t5
1391	1555795764718	-0.398	0.401	10.306	1m_t5
1392	1555795764723	-0.434	0.351	10.34	1m_t5
1393	1555795764724	-0.494	0.298	10.342	1m_t5
1394	1555795764726	-0.537	0.25	10.366	1m_t5
1395	1555795764729	-0.563	0.226	10.426	1m_t5
1396	1555795764731	-0.568	0.21	10.44	1m_t5
1397	1555795764733	-0.575	0.205	10.44	1m_t5
1398	1555795764735	-0.578	0.238	10.414	1m_t5
1399	1555795764738	-0.571	0.246	10.369	1m_t5
1400	1555795764741	-0.508	0.262	10.285	1m_t5
1401	1555795764742	-0.439	0.31	10.194	1m_t5
1402	1555795764746	-0.398	0.365	10.112	1m_t5
1403	1555795764747	-0.341	0.42	10.065	1m_t5
1404	1555795764751	-0.274	0.473	10.017	1m_t5
1405	1555795764752	-0.195	0.53	9.952	1m_t5
1406	1555795764754	-0.109	0.617	9.883	1m_t5
1407	1555795764756	-0.037	0.693	9.813	1m_t5
1408	1555795764761	0.021	0.741	9.729	1m_t5
1409	1555795764762	0.016	0.823	9.674	1m_t5
1410	1555795764764	0.021	0.88	9.617	1m_t5
1411	1555795764767	-0.015	0.93	9.603	1m_t5
1412	1555795764768	-0.034	0.973	9.555	1m_t5
1413	1555795764772	-0.087	0.99	9.528	1m_t5
1414	1555795764773	-0.125	1.012	9.521	1m_t5
1415	1555795764775	-0.18	1.007	9.516	1m_t5
1416	1555795764778	-0.219	0.997	9.531	1m_t5
1417	1555795764780	-0.276	0.971	9.55	1m_t5
1418	1555795764783	-0.329	0.923	9.574	1m_t5
1419	1555795764785	-0.377	0.863	9.631	1m_t5
1420	1555795764788	-0.413	0.811	9.665	1m_t5
1421	1555795764790	-0.444	0.717	9.713	1m_t5
1422	1555795764792	-0.47	0.631	9.765	1m_t5
1423	1555795764796	-0.47	0.545	9.792	1m_t5
1424	1555795764799	-0.494	0.485	9.82	1m_t5
1425	1555795764800	-0.511	0.389	9.832	1m_t5
1426	1555795764802	-0.501	0.327	9.842	1m_t5
1427	1555795764806	-0.535	0.274	9.88	1m_t5
1428	1555795764807	-0.549	0.236	9.916	1m_t5
1429	1555795764810	-0.573	0.229	9.907	1m_t5
1430	1555795764812	-0.583	0.217	9.916	1m_t5
1431	1555795764813	-0.587	0.217	9.923	1m_t5
1432	1555795764818	-0.578	0.212	9.909	1m_t5
1433	1555795764819	-0.552	0.238	9.878	1m_t5
1434	1555795764822	-0.552	0.291	9.875	1m_t5
1435	1555795764824	-0.511	0.31	9.875	1m_t5
1436	1555795764826	-0.492	0.337	9.849	1m_t5
1437	1555795764829	-0.484	0.365	9.868	1m_t5
1438	1555795764830	-0.403	0.382	9.89	1m_t5
1439	1555795764835	-0.396	0.435	9.902	1m_t5
1440	1555795764836	-0.36	0.454	9.94	1m_t5
1441	1555795764839	-0.3	0.487	9.978	1m_t5
1442	1555795764841	-0.288	0.49	10.024	1m_t5
1443	1555795764844	-0.264	0.502	10.067	1m_t5
1444	1555795764845	-0.288	0.509	10.096	1m_t5
1445	1555795764847	-0.271	0.504	10.112	1m_t5
1446	1555795764852	-0.281	0.504	10.16	1m_t5
1447	1555795764853	-0.305	0.492	10.194	1m_t5
1448	1555795764856	-0.307	0.466	10.208	1m_t5
1449	1555795764857	-0.326	0.463	10.251	1m_t5
1450	1555795764859	-0.353	0.449	10.259	1m_t5
1451	1555795764864	-0.374	0.437	10.263	1m_t5
1452	1555795764865	-0.377	0.416	10.275	1m_t5
1453	1555795764866	-0.355	0.396	10.282	1m_t5
1454	1555795764871	-0.336	0.341	10.261	1m_t5
1455	1555795764873	-0.295	0.341	10.249	1m_t5
1456	1555795764874	-0.293	0.337	10.227	1m_t5
1457	1555795764876	-0.274	0.308	10.203	1m_t5
1458	1555795764879	-0.267	0.305	10.213	1m_t5
1459	1555795764881	-0.24	0.289	10.182	1m_t5
1460	1555795764885	-0.2	0.308	10.177	1m_t5
1461	1555795764886	-0.188	0.308	10.139	1m_t5
1462	1555795764888	-0.161	0.317	10.089	1m_t5
1463	1555795764893	-0.164	0.317	10.057	1m_t5
1464	1555795764895	-0.161	0.356	10.024	1m_t5
1465	1555795764896	-0.145	0.358	9.995	1m_t5
1466	1555795764899	-0.168	0.382	9.971	1m_t5
1467	1555795764900	-0.18	0.427	9.919	1m_t5
1468	1555795764904	-0.188	0.456	9.897	1m_t5
1469	1555795764905	-0.18	0.478	9.849	1m_t5
1470	1555795764909	-0.236	0.514	9.825	1m_t5
1471	1555795764910	-0.279	0.518	9.794	1m_t5
1472	1555795764915	-0.322	0.528	9.758	1m_t5
1473	1555795764916	-0.379	0.528	9.753	1m_t5
1474	1555795764917	-0.427	0.526	9.732	1m_t5
1475	1555795764920	-0.487	0.492	9.727	1m_t5
1476	1555795764922	-0.556	0.432	9.749	1m_t5
1477	1555795764924	-0.623	0.389	9.782	1m_t5
1478	1555795764926	-0.698	0.344	9.773	1m_t5
1479	1555795764929	-0.736	0.262	9.856	1m_t5
1480	1555795764933	-0.829	0.169	9.899	1m_t5
1481	1555795764934	-0.901	0.092	9.978	1m_t5
1482	1555795764936	-0.93	-0.001	10.01	1m_t5
1483	1555795764938	-0.973	-0.078	10.041	1m_t5
1484	1555795764942	-1.018	-0.149	10.067	1m_t5
1485	1555795764945	-1.052	-0.224	10.093	1m_t5
1486	1555795764950	-1.057	-0.303	10.101	1m_t5
1487	1555795764951	-1.054	-0.319	10.091	1m_t5
1488	1555795764952	-1.045	-0.341	10.06	1m_t5
1489	1555795764953	-1.04	-0.346	10.043	1m_t5
1490	1555795764955	-1.002	-0.319	10.002	1m_t5
1491	1555795764957	-0.985	-0.3	10.007	1m_t5
1492	1555795764959	-0.939	-0.248	9.986	1m_t5
1493	1555795764962	-0.894	-0.243	9.974	1m_t5
1494	1555795764964	-0.891	-0.195	9.954	1m_t5
1495	1555795764967	-0.851	-0.157	9.921	1m_t5
1496	1555795764970	-0.803	-0.106	9.861	1m_t5
1497	1555795764971	-0.779	-0.059	9.835	1m_t5
1498	1555795764974	-0.695	-0.032	9.746	1m_t5
1499	1555795764976	-0.635	0.016	9.72	1m_t5
1500	1555795764979	-0.602	0.032	9.677	1m_t5
1501	1555795764982	-0.566	0.054	9.71	1m_t5
1502	1555795764983	-0.54	0.056	9.717	1m_t5
1503	1555795764985	-0.53	0.073	9.737	1m_t5
1504	1555795764988	-0.52	0.085	9.763	1m_t5
1505	1555795764990	-0.506	0.042	9.741	1m_t5
1506	1555795764993	-0.535	0.018	9.796	1m_t5
1507	1555795764995	-0.54	-0.037	9.871	1m_t5
1508	1555795764997	-0.563	-0.085	9.947	1m_t5
1509	1555795765001	-0.59	-0.121	10.005	1m_t5
1510	1555795765003	-0.599	-0.161	10.045	1m_t5
1511	1555795765007	-0.635	-0.231	10.067	1m_t5
1512	1555795765009	-0.638	-0.255	10.072	1m_t5
1513	1555795765010	-0.65	-0.286	10.065	1m_t5
1514	1555795765015	-0.633	-0.305	10.043	1m_t5
1515	1555795765016	-0.602	-0.305	10	1m_t5
1516	1555795765020	-0.559	-0.267	9.945	1m_t5
1517	1555795765021	-0.518	-0.262	9.883	1m_t5
1518	1555795765025	-0.504	-0.224	9.828	1m_t5
1519	1555795765026	-0.465	-0.178	9.787	1m_t5
1520	1555795765031	-0.446	-0.104	9.717	1m_t5
1521	1555795765032	-0.386	-0.075	9.77	1m_t5
1522	1555795765033	-0.36	-0.118	9.83	1m_t5
1523	1555795765037	-0.319	0.03	9.749	1m_t5
1524	1555795765038	-0.281	0.298	9.636	1m_t5
1525	1555795765043	-0.2	0.516	9.339	1m_t5
1526	1555795765044	-0.111	0.648	9.083	1m_t5
1527	1555795765046	-0.001	0.669	9.011	1m_t5
1528	1555795765048	0.095	0.662	9.04	1m_t5
1529	1555795765049	0.15	0.686	9.181	1m_t5
1530	1555795765054	0.191	0.705	9.334	1m_t5
1531	1555795765055	0.215	0.765	9.54	1m_t5
1532	1555795765056	0.191	0.784	9.682	1m_t5
1533	1555795765058	0.181	0.815	9.784	1m_t5
1534	1555795765060	0.176	0.796	9.792	1m_t5
1535	1555795765063	0.186	0.722	9.72	1m_t5
1536	1555795765066	0.152	0.638	9.615	1m_t5
1537	1555795765067	0.114	0.542	9.528	1m_t5
1538	1555795765070	0.085	0.48	9.447	1m_t5
1539	1555795765073	0.047	0.411	9.38	1m_t5
1540	1555795765075	-0.018	0.365	9.351	1m_t5
1541	1555795765078	-0.073	0.329	9.308	1m_t5
1542	1555795765083	-0.116	0.298	9.279	1m_t5
1543	1555795765084	-0.149	0.293	9.248	1m_t5
1544	1555795765085	-0.161	0.303	9.263	1m_t5
1545	1555795765086	-0.188	0.291	9.301	1m_t5
1546	1555795765088	-0.233	0.289	9.339	1m_t5
1547	1555795765091	-0.236	0.301	9.375	1m_t5
1548	1555795765093	-0.267	0.372	9.361	1m_t5
1549	1555795765095	-0.252	0.404	9.375	1m_t5
1550	1555795765098	-0.288	0.437	9.37	1m_t5
1551	1555795765101	-0.324	0.423	9.409	1m_t5
1552	1555795765103	-0.317	0.454	9.43	1m_t5
1553	1555795765105	-0.293	0.461	9.476	1m_t5
1554	1555795765108	-0.271	0.499	9.524	1m_t5
1555	1555795765110	-0.236	0.485	9.555	1m_t5
1556	1555795765113	-0.204	0.456	9.643	1m_t5
1557	1555795765114	-0.164	0.468	9.66	1m_t5
1558	1555795765118	-0.121	0.461	9.751	1m_t5
1559	1555795765119	-0.123	0.425	9.775	1m_t5
1560	1555795765122	-0.13	0.418	9.842	1m_t5
1561	1555795765124	-0.152	0.372	9.892	1m_t5
1562	1555795765126	-0.168	0.353	9.952	1m_t5
1563	1555795765130	-0.219	0.277	10.06	1m_t5
1564	1555795765131	-0.283	0.26	10.153	1m_t5
1565	1555795765134	-0.317	0.231	10.239	1m_t5
1566	1555795765136	-0.343	0.224	10.299	1m_t5
1567	1555795765139	-0.377	0.253	10.342	1m_t5
1568	1555795765142	-0.386	0.265	10.359	1m_t5
1569	1555795765143	-0.391	0.265	10.39	1m_t5
1570	1555795765146	-0.398	0.265	10.4	1m_t5
1571	1555795765148	-0.398	0.246	10.436	1m_t5
1572	1555795765150	-0.396	0.262	10.445	1m_t5
