1	1555188614058	-1.212	1.507	10.072	calibrate
2	1555188614059	-1.212	1.507	10.072	calibrate
3	1555188614060	-1.246	1.538	9.971	calibrate
4	1555188614061	-1.26	1.541	9.892	calibrate
5	1555188614063	-1.306	1.536	9.825	calibrate
6	1555188614064	-1.32	1.555	9.763	calibrate
7	1555188614067	-1.322	1.56	9.655	calibrate
8	1555188614070	-1.327	1.569	9.547	calibrate
9	1555188614072	-1.339	1.553	9.452	calibrate
10	1555188614075	-1.325	1.51	9.397	calibrate
11	1555188614076	-1.332	1.474	9.313	calibrate
12	1555188614078	-1.325	1.39	9.241	calibrate
13	1555188614081	-1.277	1.349	9.208	calibrate
14	1555188614084	-1.306	1.263	9.217	calibrate
15	1555188614086	-1.275	1.203	9.203	calibrate
16	1555188614088	-1.234	1.153	9.234	calibrate
17	1555188614090	-1.231	1.124	9.287	calibrate
18	1555188614093	-1.227	1.076	9.363	calibrate
19	1555188614095	-1.231	1.055	9.457	calibrate
20	1555188614097	-1.219	1.045	9.562	calibrate
21	1555188614100	-1.243	1.045	9.653	calibrate
22	1555188614103	-1.243	1.06	9.751	calibrate
23	1555188614117	-1.265	1.055	9.873	calibrate
24	1555188614118	-1.26	1.088	9.969	calibrate
25	1555188614119	-1.279	1.1	10.057	calibrate
26	1555188614120	-1.298	1.148	10.156	calibrate
27	1555188614121	-1.337	1.208	10.242	calibrate
28	1555188614122	-1.33	1.201	10.316	calibrate
29	1555188614123	-1.33	1.239	10.357	calibrate
30	1555188614124	-1.342	1.251	10.431	calibrate
31	1555188614126	-1.342	1.256	10.436	calibrate
32	1555188614127	-1.363	1.239	10.45	calibrate
33	1555188614128	-1.377	1.198	10.426	calibrate
34	1555188614130	-1.387	1.16	10.433	calibrate
35	1555188614133	-1.404	1.11	10.352	calibrate
36	1555188614135	-1.416	1.045	10.285	calibrate
37	1555188614137	-1.437	0.992	10.23	calibrate
38	1555188614140	-1.461	0.947	10.139	calibrate
39	1555188614142	-1.464	0.911	10.069	calibrate
40	1555188614145	-1.48	0.885	10.041	calibrate
41	1555188614147	-1.488	0.873	9.962	calibrate
42	1555188614149	-1.468	0.897	9.907	calibrate
43	1555188614152	-1.445	0.937	9.863	calibrate
44	1555188614155	-1.442	0.959	9.82	calibrate
45	1555188614157	-1.406	1.038	9.782	calibrate
46	1555188614159	-1.401	1.079	9.773	calibrate
47	1555188614161	-1.351	1.129	9.732	calibrate
48	1555188614165	-1.327	1.174	9.715	calibrate
49	1555188614166	-1.301	1.244	9.65	calibrate
50	1555188614169	-1.263	1.292	9.622	calibrate
51	1555188614174	-1.215	1.368	9.557	calibrate
52	1555188614175	-1.167	1.431	9.521	calibrate
53	1555188614176	-1.16	1.471	9.452	calibrate
54	1555188614179	-1.124	1.493	9.43	calibrate
55	1555188614181	-1.119	1.526	9.416	calibrate
56	1555188614183	-1.114	1.574	9.377	calibrate
57	1555188614185	-1.102	1.613	9.385	calibrate
58	1555188614188	-1.121	1.637	9.409	calibrate
59	1555188614191	-1.131	1.672	9.421	calibrate
60	1555188614193	-1.143	1.708	9.449	calibrate
61	1555188614195	-1.198	1.751	9.449	calibrate
62	1555188614198	-1.21	1.773	9.457	calibrate
63	1555188614200	-1.236	1.775	9.471	calibrate
64	1555188614202	-1.241	1.783	9.473	calibrate
65	1555188614205	-1.246	1.78	9.466	calibrate
66	1555188614207	-1.253	1.759	9.44	calibrate
67	1555188614209	-1.272	1.756	9.43	calibrate
68	1555188614212	-1.272	1.73	9.389	calibrate
69	1555188614214	-1.291	1.684	9.385	calibrate
70	1555188614217	-1.303	1.67	9.385	calibrate
71	1555188614219	-1.291	1.632	9.358	calibrate
72	1555188614222	-1.289	1.603	9.346	calibrate
73	1555188614224	-1.287	1.596	9.303	calibrate
74	1555188614226	-1.296	1.55	9.284	calibrate
75	1555188614229	-1.308	1.526	9.236	calibrate
76	1555188614231	-1.313	1.502	9.231	calibrate
77	1555188614233	-1.334	1.445	9.227	calibrate
78	1555188614235	-1.349	1.378	9.203	calibrate
79	1555188614238	-1.373	1.277	9.181	calibrate
80	1555188614243	-1.382	1.206	9.217	calibrate
81	1555188614244	-1.399	1.119	9.205	calibrate
82	1555188614245	-1.416	1.055	9.227	calibrate
83	1555188614247	-1.423	1.024	9.255	calibrate
84	1555188614250	-1.418	1.002	9.282	calibrate
85	1555188614252	-1.452	0.969	9.322	calibrate
86	1555188614256	-1.48	0.971	9.399	calibrate
87	1555188614257	-1.483	0.983	9.433	calibrate
88	1555188614260	-1.524	0.992	9.524	calibrate
89	1555188614262	-1.538	1.026	9.631	calibrate
90	1555188614264	-1.533	1.002	9.703	calibrate
91	1555188614267	-1.564	1.045	9.823	calibrate
92	1555188614269	-1.536	1.062	9.921	calibrate
93	1555188614272	-1.514	1.107	9.981	calibrate
94	1555188614274	-1.49	1.146	10.029	calibrate
95	1555188614277	-1.473	1.184	10.089	calibrate
96	1555188614279	-1.476	1.218	10.141	calibrate
97	1555188614281	-1.442	1.23	10.156	calibrate
98	1555188614284	-1.44	1.263	10.18	calibrate
99	1555188614286	-1.399	1.282	10.194	calibrate
100	1555188614288	-1.354	1.323	10.177	calibrate
101	1555188614291	-1.284	1.34	10.17	calibrate
102	1555188614293	-1.227	1.352	10.139	calibrate
103	1555188614295	-1.16	1.356	10.117	calibrate
104	1555188614299	-1.093	1.359	10.048	calibrate
105	1555188614301	-1.04	1.306	9.974	calibrate
106	1555188614302	-0.978	1.268	9.904	calibrate
107	1555188614305	-0.913	1.232	9.792	calibrate
108	1555188614307	-0.858	1.184	9.729	calibrate
109	1555188614310	-0.822	1.148	9.641	calibrate
110	1555188614312	-0.789	1.141	9.552	calibrate
111	1555188614315	-0.745	1.129	9.468	calibrate
112	1555188614317	-0.714	1.115	9.423	calibrate
113	1555188614319	-0.669	1.1	9.356	calibrate
114	1555188614322	-0.64	1.136	9.344	calibrate
115	1555188614324	-0.592	1.153	9.344	calibrate
116	1555188614326	-0.542	1.17	9.327	calibrate
117	1555188614329	-0.52	1.215	9.342	calibrate
118	1555188614332	-0.484	1.23	9.368	calibrate
119	1555188614334	-0.463	1.28	9.421	calibrate
120	1555188614338	-0.444	1.349	9.445	calibrate
121	1555188614339	-0.429	1.368	9.457	calibrate
122	1555188614342	-0.417	1.397	9.5	calibrate
123	1555188614343	-0.408	1.419	9.555	calibrate
124	1555188614346	-0.415	1.488	9.607	calibrate
125	1555188614349	-0.429	1.495	9.641	calibrate
126	1555188614351	-0.444	1.529	9.686	calibrate
127	1555188614354	-0.475	1.574	9.746	calibrate
128	1555188614356	-0.499	1.577	9.784	calibrate
129	1555188614358	-0.525	1.625	9.816	calibrate
130	1555188614361	-0.525	1.641	9.863	calibrate
131	1555188614363	-0.549	1.629	9.897	calibrate
132	1555188614365	-0.554	1.627	9.914	calibrate
133	1555188614368	-0.566	1.632	9.916	calibrate
134	1555188614373	-0.568	1.615	9.938	calibrate
135	1555188614374	-0.59	1.577	9.962	calibrate
136	1555188614375	-0.595	1.555	9.957	calibrate
137	1555188614377	-0.59	1.531	9.976	calibrate
138	1555188614382	-0.573	1.481	9.995	calibrate
139	1555188614383	-0.58	1.407	9.964	calibrate
140	1555188614385	-0.568	1.404	9.95	calibrate
141	1555188614387	-0.559	1.332	9.94	calibrate
142	1555188614392	-0.583	1.282	9.902	calibrate
143	1555188614393	-0.568	1.263	9.883	calibrate
144	1555188614395	-0.568	1.21	9.84	calibrate
145	1555188614397	-0.571	1.177	9.804	calibrate
146	1555188614399	-0.595	1.158	9.782	calibrate
147	1555188614404	-0.602	1.151	9.796	calibrate
148	1555188614405	-0.616	1.162	9.751	calibrate
149	1555188614406	-0.616	1.146	9.789	calibrate
150	1555188614409	-0.669	1.174	9.794	calibrate
151	1555188614410	-0.678	1.225	9.792	calibrate
152	1555188614414	-0.686	1.244	9.794	calibrate
153	1555188614415	-0.707	1.275	9.83	calibrate
154	1555188614418	-0.714	1.28	9.875	calibrate
155	1555188614421	-0.743	1.28	9.883	calibrate
156	1555188614423	-0.753	1.306	9.907	calibrate
157	1555188614425	-0.801	1.344	9.916	calibrate
158	1555188614427	-0.793	1.356	9.976	calibrate
159	1555188614433	-0.789	1.342	9.971	calibrate
160	1555188614434	-0.772	1.399	9.952	calibrate
161	1555188614435	-0.75	1.411	9.954	calibrate
162	1555188614437	-0.75	1.431	9.966	calibrate
163	1555188614440	-0.729	1.45	9.952	calibrate
164	1555188614442	-0.702	1.44	9.978	calibrate
165	1555188614444	-0.693	1.435	9.971	calibrate
166	1555188614447	-0.666	1.414	9.962	calibrate
167	1555188614449	-0.65	1.373	9.933	calibrate
168	1555188614454	-0.635	1.359	9.897	calibrate
169	1555188614455	-0.587	1.325	9.878	calibrate
170	1555188614457	-0.587	1.287	9.861	calibrate
171	1555188614458	-0.552	1.289	9.854	calibrate
172	1555188614461	-0.52	1.261	9.813	calibrate
173	1555188614463	-0.508	1.234	9.792	calibrate
174	1555188614466	-0.496	1.23	9.799	calibrate
175	1555188614468	-0.506	1.234	9.823	calibrate
176	1555188614473	-0.494	1.253	9.823	calibrate
177	1555188614476	-0.468	1.239	9.823	calibrate
178	1555188614477	-0.494	1.237	9.832	calibrate
179	1555188614478	-0.48	1.218	9.804	calibrate
180	1555188614483	-0.489	1.215	9.811	calibrate
181	1555188614484	-0.47	1.215	9.84	calibrate
182	1555188614485	-0.473	1.198	9.83	calibrate
183	1555188614487	-0.477	1.206	9.816	calibrate
184	1555188614491	-0.456	1.189	9.859	calibrate
185	1555188614492	-0.434	1.22	9.873	calibrate
186	1555188614496	-0.425	1.22	9.875	calibrate
187	1555188614497	-0.42	1.225	9.947	calibrate
188	1555188614499	-0.417	1.239	9.978	calibrate
189	1555188614503	-0.403	1.277	10.024	calibrate
190	1555188614505	-0.403	1.294	10.041	calibrate
191	1555188614507	-0.408	1.311	10.086	calibrate
192	1555188614509	-0.422	1.325	10.096	calibrate
193	1555188614512	-0.427	1.313	10.134	calibrate
194	1555188614516	-0.432	1.311	10.141	calibrate
195	1555188614517	-0.451	1.335	10.16	calibrate
196	1555188614518	-0.446	1.347	10.177	calibrate
197	1555188614521	-0.475	1.361	10.225	calibrate
198	1555188614523	-0.477	1.385	10.237	calibrate
199	1555188614529	-0.446	1.428	10.242	calibrate
200	1555188614530	-0.439	1.447	10.235	calibrate
201	1555188614531	-0.391	1.459	10.218	calibrate
202	1555188614534	-0.334	1.49	10.211	calibrate
203	1555188614536	-0.326	1.538	10.177	calibrate
204	1555188614538	-0.274	1.543	10.11	calibrate
205	1555188614539	-0.271	1.574	10.055	calibrate
206	1555188614543	-0.231	1.591	9.998	calibrate
207	1555188614547	-0.226	1.601	9.907	calibrate
208	1555188614549	-0.195	1.593	9.823	calibrate
209	1555188614550	-0.202	1.586	9.727	calibrate
210	1555188614552	-0.183	1.558	9.67	calibrate
211	1555188614554	-0.159	1.553	9.598	calibrate
212	1555188614559	-0.166	1.502	9.526	calibrate
213	1555188614560	-0.145	1.481	9.507	calibrate
214	1555188614561	-0.128	1.44	9.449	calibrate
215	1555188614564	-0.145	1.373	9.421	calibrate
216	1555188614567	-0.14	1.335	9.366	calibrate
217	1555188614568	-0.147	1.258	9.368	calibrate
218	1555188614572	-0.18	1.189	9.349	calibrate
219	1555188614574	-0.219	1.134	9.354	calibrate
220	1555188614576	-0.238	1.057	9.38	calibrate
221	1555188614578	-0.252	1.016	9.416	calibrate
222	1555188614580	-0.286	1.014	9.468	calibrate
223	1555188614582	-0.319	0.995	9.557	calibrate
224	1555188614587	-0.353	0.976	9.636	calibrate
225	1555188614588	-0.41	0.949	9.701	calibrate
226	1555188614591	-0.403	0.937	9.784	calibrate
227	1555188614593	-0.405	0.937	9.854	calibrate
228	1555188614594	-0.444	0.923	9.935	calibrate
229	1555188614600	-0.458	0.89	10	calibrate
230	1555188614601	-0.434	0.875	10.067	calibrate
231	1555188614602	-0.487	0.88	10.136	calibrate
232	1555188614605	-0.501	0.902	10.158	calibrate
233	1555188614606	-0.552	0.899	10.213	calibrate
234	1555188614612	-0.578	0.93	10.278	calibrate
235	1555188614613	-0.645	0.966	10.34	calibrate
236	1555188614614	-0.64	0.981	10.349	calibrate
237	1555188614616	-0.628	1.002	10.364	calibrate
238	1555188614618	-0.609	1.009	10.371	calibrate
239	1555188614621	-0.592	1.036	10.397	calibrate
240	1555188614624	-0.561	1.045	10.388	calibrate
241	1555188614626	-0.542	1.069	10.376	calibrate
242	1555188614630	-0.504	1.083	10.39	calibrate
243	1555188614631	-0.487	1.129	10.395	calibrate
244	1555188614632	-0.417	1.153	10.393	calibrate
245	1555188614635	-0.403	1.206	10.364	calibrate
246	1555188614638	-0.37	1.263	10.318	calibrate
247	1555188614640	-0.341	1.306	10.27	calibrate
248	1555188614643	-0.31	1.335	10.22	calibrate
249	1555188614644	-0.279	1.359	10.175	calibrate
250	1555188614647	-0.274	1.371	10.11	calibrate
251	1555188614650	-0.236	1.385	10.036	calibrate
252	1555188614653	-0.231	1.385	9.974	calibrate
253	1555188614654	-0.216	1.376	9.88	calibrate
254	1555188614658	-0.209	1.354	9.828	calibrate
255	1555188614660	-0.178	1.347	9.753	calibrate
256	1555188614665	-0.176	1.335	9.691	calibrate
257	1555188614666	-0.18	1.294	9.638	calibrate
258	1555188614667	-0.161	1.268	9.562	calibrate
259	1555188614668	-0.168	1.232	9.5	calibrate
260	1555188614673	-0.166	1.189	9.464	calibrate
261	1555188614674	-0.147	1.136	9.413	calibrate
262	1555188614676	-0.142	1.098	9.356	calibrate
263	1555188614681	-0.14	1.062	9.344	calibrate
264	1555188614683	-0.159	1.033	9.344	calibrate
265	1555188614684	-0.159	1.002	9.366	calibrate
266	1555188614686	-0.145	0.978	9.37	calibrate
267	1555188614688	-0.164	0.94	9.361	calibrate
268	1555188614693	-0.135	0.902	9.377	calibrate
269	1555188614694	-0.121	0.846	9.401	calibrate
270	1555188614695	-0.106	0.789	9.418	calibrate
271	1555188614699	-0.094	0.772	9.454	calibrate
272	1555188614701	-0.061	0.739	9.516	calibrate
273	1555188614703	-0.097	0.722	9.603	calibrate
274	1555188614704	-0.101	0.715	9.698	calibrate
275	1555188614708	-0.106	0.729	9.78	calibrate
276	1555188614709	-0.111	0.708	9.899	calibrate
277	1555188614713	-0.13	0.744	9.99	calibrate
278	1555188614714	-0.161	0.727	10.11	calibrate
279	1555188614718	-0.168	0.727	10.235	calibrate
280	1555188614720	-0.183	0.772	10.338	calibrate
281	1555188614722	-0.2	0.787	10.409	calibrate
282	1555188614724	-0.228	0.791	10.51	calibrate
283	1555188614727	-0.25	0.796	10.606	calibrate
284	1555188614729	-0.231	0.837	10.692	calibrate
285	1555188614731	-0.233	0.834	10.773	calibrate
286	1555188614733	-0.216	0.839	10.852	calibrate
287	1555188614735	-0.183	0.83	10.95	calibrate
288	1555188614739	-0.149	0.866	10.989	calibrate
289	1555188614740	-0.111	0.861	11.013	calibrate
290	1555188614743	-0.046	0.832	11.01	calibrate
291	1555188614745	-0.001	0.815	10.974	calibrate
292	1555188614747	0.047	0.82	10.924	calibrate
293	1555188614752	0.095	0.842	10.874	calibrate
294	1555188614754	0.164	0.839	10.795	calibrate
295	1555188614755	0.224	0.863	10.704	calibrate
296	1555188614759	0.267	0.897	10.608	calibrate
297	1555188614760	0.318	0.928	10.493	calibrate
298	1555188614763	0.356	0.973	10.366	calibrate
299	1555188614765	0.404	1.004	10.239	calibrate
300	1555188614766	0.442	1.06	10.115	calibrate
301	1555188614771	0.452	1.098	9.99	calibrate
302	1555188614772	0.454	1.112	9.863	calibrate
303	1555188614775	0.444	1.167	9.734	calibrate
304	1555188614778	0.437	1.206	9.619	calibrate
305	1555188614779	0.409	1.227	9.509	calibrate
306	1555188614782	0.363	1.258	9.428	calibrate
307	1555188614784	0.332	1.277	9.339	calibrate
308	1555188614786	0.279	1.332	9.287	calibrate
309	1555188614789	0.227	1.371	9.219	calibrate
310	1555188614791	0.167	1.414	9.169	calibrate
311	1555188614794	0.109	1.428	9.136	calibrate
312	1555188614797	0.047	1.462	9.124	calibrate
313	1555188614798	-0.003	1.431	9.145	calibrate
314	1555188614802	-0.037	1.462	9.191	calibrate
315	1555188614803	-0.077	1.459	9.222	calibrate
316	1555188614806	-0.094	1.438	9.255	calibrate
317	1555188614810	-0.133	1.435	9.284	calibrate
318	1555188614811	-0.154	1.44	9.31	calibrate
319	1555188614813	-0.173	1.409	9.363	calibrate
320	1555188614815	-0.18	1.378	9.349	calibrate
321	1555188614818	-0.195	1.342	9.375	calibrate
322	1555188614819	-0.178	1.328	9.404	calibrate
323	1555188614824	-0.166	1.287	9.404	calibrate
324	1555188614825	-0.137	1.297	9.437	calibrate
325	1555188614827	-0.104	1.306	9.447	calibrate
326	1555188614829	-0.051	1.306	9.435	calibrate
327	1555188614832	-0.003	1.311	9.445	calibrate
328	1555188614835	0.047	1.323	9.454	calibrate
329	1555188614836	0.126	1.328	9.428	calibrate
330	1555188614839	0.191	1.316	9.397	calibrate
331	1555188614841	0.229	1.332	9.356	calibrate
332	1555188614843	0.267	1.332	9.318	calibrate
333	1555188614846	0.332	1.325	9.334	calibrate
334	1555188614848	0.385	1.335	9.31	calibrate
335	1555188614850	0.442	1.352	9.301	calibrate
336	1555188614853	0.468	1.399	9.325	calibrate
337	1555188614856	0.485	1.462	9.354	calibrate
338	1555188614858	0.483	1.5	9.418	calibrate
339	1555188614860	0.454	1.555	9.468	calibrate
340	1555188614862	0.452	1.613	9.559	calibrate
341	1555188614865	0.44	1.629	9.629	calibrate
342	1555188614867	0.406	1.632	9.691	calibrate
343	1555188614871	0.385	1.634	9.744	calibrate
344	1555188614872	0.351	1.644	9.796	calibrate
345	1555188614874	0.31	1.629	9.844	calibrate
346	1555188614878	0.274	1.627	9.909	calibrate
347	1555188614880	0.243	1.608	9.911	calibrate
348	1555188614882	0.246	1.62	9.935	calibrate
349	1555188614884	0.215	1.637	9.945	calibrate
350	1555188614889	0.205	1.66	9.947	calibrate
351	1555188614890	0.203	1.653	9.931	calibrate
352	1555188614891	0.2	1.668	9.94	calibrate
353	1555188614894	0.179	1.687	9.899	calibrate
354	1555188614897	0.183	1.699	9.892	calibrate
355	1555188614898	0.164	1.699	9.88	calibrate
356	1555188614901	0.176	1.67	9.871	calibrate
357	1555188614903	0.148	1.601	9.842	calibrate
358	1555188614905	0.152	1.56	9.811	calibrate
359	1555188614908	0.136	1.5	9.796	calibrate
360	1555188614911	0.15	1.49	9.777	calibrate
361	1555188614912	0.176	1.486	9.749	calibrate
362	1555188614916	0.205	1.44	9.696	calibrate
363	1555188614918	0.241	1.457	9.698	calibrate
364	1555188614921	0.265	1.464	9.667	calibrate
365	1555188614922	0.291	1.435	9.653	calibrate
366	1555188614926	0.308	1.423	9.634	calibrate
367	1555188614927	0.31	1.411	9.638	calibrate
368	1555188614930	0.339	1.383	9.629	calibrate
369	1555188614932	0.349	1.388	9.672	calibrate
370	1555188614934	0.368	1.359	9.703	calibrate
371	1555188614937	0.365	1.371	9.713	calibrate
372	1555188614939	0.334	1.356	9.732	calibrate
373	1555188614951	0.32	1.34	9.768	calibrate
374	1555188614952	0.282	1.335	9.832	calibrate
375	1555188614953	0.215	1.316	9.892	calibrate
376	1555188614954	0.162	1.309	9.931	calibrate
377	1555188614955	0.102	1.253	10.01	calibrate
378	1555188614956	0.042	1.258	10.041	calibrate
379	1555188614957	-0.001	1.218	10.084	calibrate
380	1555188614958	-0.044	1.225	10.089	calibrate
381	1555188614960	-0.087	1.158	10.117	calibrate
382	1555188614963	-0.109	1.162	10.132	calibrate
383	1555188614965	-0.133	1.148	10.124	calibrate
384	1555188614968	-0.152	1.153	10.096	calibrate
385	1555188614972	-0.154	1.131	10.091	calibrate
386	1555188614973	-0.152	1.119	10.062	calibrate
387	1555188614976	-0.145	1.1	9.99	calibrate
388	1555188614978	-0.104	1.079	9.947	calibrate
389	1555188614981	-0.058	1.098	9.825	calibrate
390	1555188614982	-0.022	1.095	9.753	calibrate
391	1555188614985	-0.001	1.112	9.655	calibrate
392	1555188614987	0.03	1.098	9.579	calibrate
393	1555188614989	0.035	1.115	9.48	calibrate
394	1555188614993	0.033	1.136	9.421	calibrate
395	1555188614994	0.035	1.148	9.346	calibrate
396	1555188614996	0.045	1.151	9.267	calibrate
397	1555188614999	0.078	1.167	9.224	calibrate
398	1555188615002	0.088	1.198	9.167	calibrate
399	1555188615003	0.073	1.244	9.14	calibrate
400	1555188615006	0.076	1.275	9.136	calibrate
401	1555188615008	0.083	1.32	9.117	calibrate
402	1555188615013	0.09	1.373	9.126	calibrate
403	1555188615014	0.083	1.399	9.131	calibrate
404	1555188615016	0.126	1.399	9.162	calibrate
405	1555188615018	0.133	1.414	9.155	calibrate
406	1555188615020	0.167	1.428	9.172	calibrate
407	1555188615022	0.186	1.426	9.198	calibrate
408	1555188615027	0.2	1.409	9.241	calibrate
409	1555188615028	0.217	1.402	9.282	calibrate
410	1555188615030	0.21	1.39	9.31	calibrate
411	1555188615032	0.224	1.397	9.389	calibrate
412	1555188615036	0.227	1.335	9.418	calibrate
413	1555188615037	0.2	1.325	9.495	calibrate
414	1555188615042	0.186	1.28	9.591	calibrate
415	1555188615043	0.169	1.241	9.662	calibrate
416	1555188615047	0.138	1.206	9.799	calibrate
417	1555188615048	0.114	1.141	9.897	calibrate
418	1555188615049	0.076	1.11	10.005	calibrate
419	1555188615053	0.042	1.083	10.069	calibrate
420	1555188615055	0.021	1.06	10.139	calibrate
421	1555188615056	-0.022	1.048	10.211	calibrate
422	1555188615058	-0.063	1.009	10.225	calibrate
423	1555188615061	-0.087	1.002	10.244	calibrate
424	1555188615066	-0.097	1	10.256	calibrate
425	1555188615067	-0.125	0.992	10.256	calibrate
426	1555188615068	-0.164	0.978	10.251	calibrate
427	1555188615072	-0.178	0.961	10.249	calibrate
428	1555188615073	-0.202	0.961	10.256	calibrate
429	1555188615078	-0.216	0.969	10.268	calibrate
430	1555188615081	-0.219	0.976	10.287	calibrate
431	1555188615084	-0.247	0.969	10.302	calibrate
432	1555188615085	-0.243	0.973	10.285	calibrate
433	1555188615086	-0.267	0.966	10.29	calibrate
434	1555188615088	-0.291	1.007	10.321	calibrate
435	1555188615089	-0.291	1.014	10.311	calibrate
436	1555188615092	-0.341	1.002	10.294	calibrate
437	1555188615094	-0.341	1.021	10.299	calibrate
438	1555188615096	-0.372	1.012	10.285	calibrate
439	1555188615100	-0.341	1.026	10.254	calibrate
440	1555188615102	-0.358	1.045	10.203	calibrate
441	1555188615104	-0.36	1.031	10.146	calibrate
442	1555188615106	-0.346	1.009	10.108	calibrate
443	1555188615108	-0.343	0.988	10.067	calibrate
444	1555188615112	-0.331	0.981	10.026	calibrate
445	1555188615113	-0.307	0.945	9.976	calibrate
446	1555188615118	-0.307	0.925	9.926	calibrate
447	1555188615119	-0.247	0.913	9.863	calibrate
448	1555188615122	-0.207	0.909	9.799	calibrate
449	1555188615123	-0.209	0.911	9.751	calibrate
450	1555188615127	-0.168	0.906	9.698	calibrate
451	1555188615129	-0.133	0.897	9.665	calibrate
452	1555188615130	-0.101	0.925	9.643	calibrate
453	1555188615134	-0.073	0.959	9.626	calibrate
454	1555188615135	-0.032	0.981	9.598	calibrate
455	1555188615139	-0.027	1.012	9.583	calibrate
456	1555188615140	-0.015	1.072	9.574	calibrate
457	1555188615142	0.002	1.086	9.576	calibrate
458	1555188615147	-0.02	1.091	9.586	calibrate
459	1555188615148	-0.027	1.134	9.598	calibrate
460	1555188615149	-0.046	1.165	9.555	calibrate
461	1555188615153	-0.049	1.182	9.555	calibrate
462	1555188615154	-0.039	1.227	9.557	calibrate
463	1555188615158	-0.066	1.239	9.478	calibrate
464	1555188615161	-0.056	1.249	9.454	calibrate
465	1555188615162	-0.075	1.23	9.437	calibrate
466	1555188615163	-0.077	1.234	9.43	calibrate
467	1555188615166	-0.094	1.234	9.404	calibrate
468	1555188615168	-0.109	1.23	9.389	calibrate
469	1555188615171	-0.125	1.225	9.38	calibrate
470	1555188615173	-0.121	1.182	9.358	calibrate
471	1555188615178	-0.147	1.184	9.387	calibrate
472	1555188615179	-0.164	1.179	9.394	calibrate
473	1555188615180	-0.2	1.153	9.409	calibrate
474	1555188615185	-0.236	1.162	9.471	calibrate
475	1555188615186	-0.264	1.143	9.521	calibrate
476	1555188615187	-0.276	1.124	9.571	calibrate
477	1555188615193	-0.267	1.127	9.638	calibrate
478	1555188615196	-0.269	1.127	9.698	calibrate
479	1555188615198	-0.283	1.086	9.777	calibrate
480	1555188615200	-0.257	1.105	9.84	calibrate
481	1555188615201	-0.216	1.11	9.909	calibrate
482	1555188615202	-0.214	1.076	10	calibrate
483	1555188615204	-0.2	1.076	10.065	calibrate
484	1555188615206	-0.168	1.072	10.148	calibrate
485	1555188615209	-0.166	1.081	10.263	calibrate
486	1555188615212	-0.147	1.1	10.347	calibrate
487	1555188615214	-0.128	1.076	10.426	calibrate
488	1555188615218	-0.113	1.115	10.46	calibrate
489	1555188615219	-0.061	1.117	10.479	calibrate
490	1555188615222	-0.056	1.139	10.498	calibrate
491	1555188615223	-0.049	1.174	10.505	calibrate
492	1555188615227	-0.027	1.194	10.519	calibrate
493	1555188615229	-0.056	1.239	10.486	calibrate
494	1555188615230	-0.061	1.253	10.45	calibrate
495	1555188615235	-0.054	1.282	10.381	calibrate
496	1555188615237	-0.087	1.294	10.306	calibrate
497	1555188615238	-0.113	1.292	10.22	calibrate
498	1555188615243	-0.121	1.297	10.098	calibrate
499	1555188615244	-0.147	1.287	9.978	calibrate
500	1555188615245	-0.212	1.265	9.878	calibrate
501	1555188615247	-0.224	1.251	9.741	calibrate
502	1555188615251	-0.264	1.213	9.648	calibrate
503	1555188615252	-0.338	1.184	9.567	calibrate
504	1555188615255	-0.382	1.167	9.48	calibrate
505	1555188615258	-0.446	1.105	9.43	calibrate
506	1555188615260	-0.477	1.069	9.38	calibrate
507	1555188615262	-0.511	1.052	9.339	calibrate
508	1555188615266	-0.561	1.019	9.31	calibrate
509	1555188615267	-0.552	0.973	9.27	calibrate
510	1555188615270	-0.554	0.966	9.296	calibrate
511	1555188615272	-0.518	0.957	9.308	calibrate
512	1555188615275	-0.47	0.957	9.291	calibrate
513	1555188615277	-0.408	0.952	9.313	calibrate
514	1555188615278	-0.36	0.94	9.327	calibrate
515	1555188615282	-0.307	0.961	9.337	calibrate
516	1555188615283	-0.24	1.012	9.366	calibrate
517	1555188615285	-0.202	1.007	9.392	calibrate
518	1555188615290	-0.152	1.038	9.418	calibrate
519	1555188615292	-0.087	1.05	9.44	calibrate
520	1555188615294	-0.061	1.076	9.497	calibrate
521	1555188615295	-0.051	1.081	9.55	calibrate
522	1555188615301	-0.027	1.117	9.619	calibrate
523	1555188615302	-0.013	1.136	9.698	calibrate
524	1555188615303	-0.025	1.153	9.77	calibrate
525	1555188615304	-0.018	1.179	9.83	calibrate
526	1555188615309	-0.042	1.174	9.904	calibrate
527	1555188615311	-0.058	1.172	9.931	calibrate
528	1555188615312	-0.097	1.148	9.945	calibrate
529	1555188615315	-0.123	1.134	9.962	calibrate
530	1555188615317	-0.149	1.081	9.945	calibrate
531	1555188615320	-0.212	1.05	9.907	calibrate
532	1555188615322	-0.245	1.033	9.847	calibrate
533	1555188615324	-0.288	1.019	9.799	calibrate
534	1555188615326	-0.341	0.99	9.777	calibrate
535	1555188615331	-0.386	0.947	9.768	calibrate
536	1555188615332	-0.47	0.928	9.758	calibrate
537	1555188615333	-0.489	0.894	9.751	calibrate
538	1555188615335	-0.554	0.866	9.753	calibrate
539	1555188615338	-0.602	0.832	9.77	calibrate
540	1555188615340	-0.638	0.784	9.729	calibrate
541	1555188615343	-0.681	0.732	9.753	calibrate
542	1555188615345	-0.722	0.712	9.768	calibrate
543	1555188615348	-0.748	0.686	9.804	calibrate
544	1555188615351	-0.765	0.674	9.823	calibrate
545	1555188615352	-0.741	0.672	9.868	calibrate
546	1555188615355	-0.726	0.66	9.897	calibrate
547	1555188615357	-0.712	0.643	9.911	calibrate
548	1555188615362	-0.676	0.672	9.921	calibrate
549	1555188615363	-0.621	0.669	9.904	calibrate
550	1555188615364	-0.592	0.684	9.914	calibrate
551	1555188615367	-0.547	0.691	9.921	calibrate
552	1555188615370	-0.504	0.693	9.933	calibrate
553	1555188615372	-0.473	0.712	9.935	calibrate
554	1555188615373	-0.446	0.732	9.938	calibrate
555	1555188615376	-0.42	0.744	9.897	calibrate
556	1555188615379	-0.401	0.787	9.943	calibrate
557	1555188615381	-0.405	0.837	9.978	calibrate
558	1555188615384	-0.389	0.851	10.048	calibrate
559	1555188615385	-0.396	0.851	10.101	calibrate
560	1555188615389	-0.413	0.885	10.108	calibrate
561	1555188615391	-0.425	0.887	10.136	calibrate
562	1555188615392	-0.439	0.873	10.17	calibrate
563	1555188615395	-0.451	0.868	10.172	calibrate
564	1555188615397	-0.477	0.803	10.194	calibrate
565	1555188615400	-0.492	0.808	10.22	calibrate
566	1555188615405	-0.508	0.772	10.23	calibrate
567	1555188615406	-0.518	0.753	10.256	calibrate
568	1555188615409	-0.506	0.751	10.266	calibrate
569	1555188615410	-0.523	0.705	10.311	calibrate
570	1555188615412	-0.508	0.705	10.34	calibrate
571	1555188615416	-0.489	0.679	10.338	calibrate
572	1555188615417	-0.468	0.667	10.321	calibrate
573	1555188615421	-0.48	0.665	10.266	calibrate
574	1555188615422	-0.477	0.653	10.215	calibrate
575	1555188615424	-0.477	0.672	10.16	calibrate
576	1555188615429	-0.477	0.676	10.105	calibrate
577	1555188615431	-0.484	0.684	10.05	calibrate
578	1555188615432	-0.492	0.724	9.981	calibrate
579	1555188615434	-0.516	0.727	9.904	calibrate
580	1555188615436	-0.482	0.779	9.844	calibrate
581	1555188615439	-0.458	0.808	9.823	calibrate
582	1555188615441	-0.425	0.846	9.806	calibrate
583	1555188615445	-0.382	0.916	9.813	calibrate
584	1555188615447	-0.324	0.954	9.792	calibrate
585	1555188615448	-0.286	0.992	9.758	calibrate
586	1555188615452	-0.219	1.04	9.775	calibrate
587	1555188615454	-0.176	1.052	9.749	calibrate
588	1555188615455	-0.123	1.088	9.715	calibrate
589	1555188615459	-0.087	1.107	9.722	calibrate
590	1555188615460	-0.077	1.129	9.703	calibrate
591	1555188615464	-0.063	1.146	9.696	calibrate
592	1555188615465	-0.051	1.141	9.672	calibrate
593	1555188615467	-0.056	1.141	9.686	calibrate
594	1555188615472	-0.07	1.141	9.696	calibrate
595	1555188615473	-0.066	1.129	9.725	calibrate
596	1555188615474	-0.063	1.119	9.777	calibrate
597	1555188615479	-0.07	1.129	9.804	calibrate
598	1555188615480	-0.087	1.115	9.849	calibrate
599	1555188615481	-0.111	1.11	9.883	calibrate
600	1555188615484	-0.123	1.083	9.926	calibrate
601	1555188615486	-0.161	1.028	9.923	calibrate
602	1555188615489	-0.192	0.997	9.931	calibrate
603	1555188615491	-0.231	0.954	9.923	calibrate
604	1555188615493	-0.281	0.923	9.921	calibrate
605	1555188615497	-0.31	0.861	9.914	calibrate
606	1555188615499	-0.338	0.82	9.897	calibrate
607	1555188615501	-0.358	0.801	9.871	calibrate
608	1555188615505	-0.386	0.77	9.823	calibrate
609	1555188615506	-0.374	0.736	9.801	calibrate
610	1555188615509	-0.382	0.732	9.744	calibrate
611	1555188615511	-0.374	0.775	9.708	calibrate
612	1555188615512	-0.379	0.782	9.684	calibrate
613	1555188615514	-0.382	0.813	9.662	calibrate
614	1555188615519	-0.41	0.839	9.67	calibrate
615	1555188615522	-0.398	0.885	9.672	calibrate
616	1555188615523	-0.413	0.911	9.696	calibrate
617	1555188615526	-0.379	0.909	9.686	calibrate
618	1555188615527	-0.336	0.954	9.662	calibrate
619	1555188615532	-0.348	0.961	9.626	calibrate
620	1555188615533	-0.343	0.976	9.634	calibrate
621	1555188615534	-0.322	0.976	9.658	calibrate
622	1555188615538	-0.326	1	9.67	calibrate
623	1555188615539	-0.293	1.031	9.689	calibrate
624	1555188615542	-0.295	1.05	9.732	calibrate
625	1555188615544	-0.271	1.088	9.768	calibrate
626	1555188615548	-0.236	1.095	9.775	calibrate
627	1555188615549	-0.24	1.134	9.787	calibrate
628	1555188615552	-0.202	1.136	9.794	calibrate
629	1555188615553	-0.212	1.105	9.796	calibrate
630	1555188615556	-0.188	1.129	9.804	calibrate
631	1555188615558	-0.18	1.136	9.789	calibrate
632	1555188615563	-0.178	1.146	9.765	calibrate
633	1555188615564	-0.176	1.129	9.732	calibrate
634	1555188615565	-0.185	1.088	9.717	calibrate
635	1555188615567	-0.164	1.093	9.698	calibrate
636	1555188615571	-0.171	1.083	9.682	calibrate
637	1555188615573	-0.159	1.064	9.689	calibrate
638	1555188615574	-0.166	1.038	9.674	calibrate
639	1555188615578	-0.14	1.019	9.682	calibrate
640	1555188615581	-0.118	1	9.689	calibrate
641	1555188615583	-0.109	0.976	9.684	calibrate
642	1555188615585	-0.082	0.959	9.667	calibrate
643	1555188615587	-0.061	0.94	9.694	calibrate
644	1555188615589	-0.049	0.93	9.677	calibrate
645	1555188615592	-0.066	0.916	9.665	calibrate
646	1555188615593	-0.068	0.909	9.65	calibrate
647	1555188615596	-0.094	0.866	9.677	calibrate
648	1555188615599	-0.123	0.863	9.662	calibrate
649	1555188615601	-0.159	0.854	9.67	calibrate
650	1555188615604	-0.166	0.858	9.667	calibrate
651	1555188615606	-0.185	0.849	9.665	calibrate
652	1555188615609	-0.195	0.868	9.674	calibrate
653	1555188615611	-0.221	0.854	9.679	calibrate
654	1555188615613	-0.231	0.825	9.691	calibrate
655	1555188615616	-0.24	0.87	9.727	calibrate
656	1555188615618	-0.255	0.87	9.739	calibrate
657	1555188615621	-0.25	0.894	9.773	calibrate
658	1555188615623	-0.252	0.913	9.804	calibrate
659	1555188615625	-0.288	0.959	9.806	calibrate
660	1555188615627	-0.31	0.985	9.835	calibrate
661	1555188615630	-0.324	1.021	9.863	calibrate
662	1555188615633	-0.382	1.069	9.904	calibrate
663	1555188615634	-0.389	1.095	9.962	calibrate
664	1555188615640	-0.427	1.093	10.014	calibrate
665	1555188615641	-0.468	1.124	10.074	calibrate
666	1555188615642	-0.484	1.136	10.139	calibrate
667	1555188615644	-0.499	1.127	10.191	calibrate
668	1555188615647	-0.516	1.112	10.244	calibrate
669	1555188615649	-0.523	1.074	10.314	calibrate
670	1555188615652	-0.525	1.024	10.349	calibrate
671	1555188615655	-0.513	0.992	10.342	calibrate
672	1555188615657	-0.52	0.933	10.354	calibrate
673	1555188615659	-0.54	0.868	10.357	calibrate
674	1555188615661	-0.508	0.832	10.34	calibrate
675	1555188615664	-0.492	0.753	10.306	calibrate
676	1555188615666	-0.47	0.696	10.27	calibrate
677	1555188615668	-0.437	0.655	10.206	calibrate
678	1555188615671	-0.41	0.638	10.122	calibrate
679	1555188615675	-0.362	0.638	10.041	calibrate
680	1555188615677	-0.329	0.636	9.959	calibrate
681	1555188615678	-0.324	0.655	9.868	calibrate
682	1555188615682	-0.317	0.66	9.796	calibrate
683	1555188615683	-0.305	0.72	9.696	calibrate
684	1555188615686	-0.279	0.734	9.643	calibrate
685	1555188615690	-0.274	0.758	9.559	calibrate
686	1555188615691	-0.264	0.801	9.512	calibrate
687	1555188615693	-0.255	0.842	9.464	calibrate
688	1555188615697	-0.267	0.892	9.406	calibrate
689	1555188615698	-0.259	0.925	9.373	calibrate
690	1555188615700	-0.257	0.945	9.373	calibrate
691	1555188615704	-0.269	0.954	9.375	calibrate
692	1555188615705	-0.288	0.971	9.373	calibrate
693	1555188615708	-0.305	0.973	9.37	calibrate
694	1555188615711	-0.305	0.983	9.377	calibrate
695	1555188615712	-0.3	0.964	9.385	calibrate
696	1555188615714	-0.3	0.971	9.373	calibrate
697	1555188615717	-0.312	0.969	9.399	calibrate
698	1555188615719	-0.322	0.935	9.394	calibrate
699	1555188615721	-0.331	0.909	9.43	calibrate
700	1555188615724	-0.338	0.93	9.468	calibrate
701	1555188615729	-0.334	0.93	9.495	calibrate
702	1555188615730	-0.358	0.935	9.55	calibrate
703	1555188615731	-0.341	0.952	9.581	calibrate
704	1555188615736	-0.346	0.966	9.636	calibrate
705	1555188615737	-0.37	0.976	9.65	calibrate
706	1555188615740	-0.365	1	9.691	calibrate
707	1555188615744	-0.362	1.012	9.746	calibrate
708	1555188615745	-0.413	1.009	9.78	calibrate
709	1555188615747	-0.427	1.009	9.813	calibrate
710	1555188615750	-0.458	1	9.844	calibrate
711	1555188615751	-0.484	1.012	9.895	calibrate
712	1555188615755	-0.504	1.012	9.914	calibrate
713	1555188615756	-0.53	0.995	9.943	calibrate
714	1555188615760	-0.568	1.007	9.998	calibrate
715	1555188615761	-0.616	0.99	10.06	calibrate
716	1555188615762	-0.643	0.981	10.096	calibrate
717	1555188615763	-0.686	0.976	10.124	calibrate
718	1555188615766	-0.69	0.945	10.144	calibrate
719	1555188615768	-0.698	0.894	10.191	calibrate
720	1555188615772	-0.671	0.873	10.223	calibrate
721	1555188615773	-0.64	0.832	10.251	calibrate
722	1555188615776	-0.604	0.796	10.256	calibrate
723	1555188615777	-0.585	0.765	10.304	calibrate
724	1555188615782	-0.559	0.703	10.292	calibrate
725	1555188615783	-0.523	0.679	10.294	calibrate
726	1555188615785	-0.525	0.662	10.249	calibrate
727	1555188615787	-0.523	0.609	10.249	calibrate
728	1555188615791	-0.506	0.612	10.218	calibrate
729	1555188615793	-0.52	0.586	10.168	calibrate
730	1555188615796	-0.535	0.581	10.136	calibrate
731	1555188615797	-0.535	0.574	10.096	calibrate
732	1555188615802	-0.554	0.595	10.024	calibrate
733	1555188615803	-0.583	0.597	9.99	calibrate
734	1555188615805	-0.573	0.566	9.928	calibrate
735	1555188615807	-0.595	0.593	9.902	calibrate
736	1555188615812	-0.578	0.593	9.861	calibrate
737	1555188615813	-0.585	0.612	9.825	calibrate
738	1555188615814	-0.58	0.614	9.777	calibrate
739	1555188615816	-0.573	0.653	9.758	calibrate
740	1555188615819	-0.559	0.686	9.727	calibrate
741	1555188615821	-0.535	0.698	9.701	calibrate
742	1555188615823	-0.513	0.767	9.677	calibrate
743	1555188615827	-0.489	0.803	9.684	calibrate
744	1555188615829	-0.451	0.842	9.662	calibrate
745	1555188615832	-0.434	0.866	9.634	calibrate
746	1555188615833	-0.384	0.909	9.612	calibrate
747	1555188615836	-0.365	0.933	9.61	calibrate
748	1555188615837	-0.353	1.007	9.6	calibrate
749	1555188615840	-0.336	1.048	9.579	calibrate
750	1555188615842	-0.322	1.064	9.574	calibrate
751	1555188615847	-0.307	1.112	9.564	calibrate
752	1555188615848	-0.343	1.129	9.538	calibrate
753	1555188615849	-0.331	1.136	9.521	calibrate
754	1555188615853	-0.343	1.148	9.524	calibrate
755	1555188615854	-0.336	1.143	9.519	calibrate
756	1555188615858	-0.315	1.174	9.538	calibrate
757	1555188615859	-0.353	1.148	9.526	calibrate
758	1555188615862	-0.379	1.146	9.492	calibrate
759	1555188615864	-0.377	1.117	9.533	calibrate
760	1555188615867	-0.382	1.117	9.524	calibrate
761	1555188615871	-0.408	1.093	9.516	calibrate
762	1555188615872	-0.449	1.074	9.555	calibrate
763	1555188615875	-0.489	1.076	9.543	calibrate
764	1555188615876	-0.492	1.038	9.595	calibrate
765	1555188615879	-0.556	1.038	9.641	calibrate
766	1555188615881	-0.59	1.045	9.701	calibrate
767	1555188615883	-0.602	1.028	9.775	calibrate
768	1555188615888	-0.621	1.033	9.859	calibrate
769	1555188615889	-0.65	1.026	9.943	calibrate
770	1555188615890	-0.635	0.995	10.014	calibrate
771	1555188615894	-0.659	0.981	10.129	calibrate
772	1555188615895	-0.657	0.971	10.22	calibrate
773	1555188615898	-0.645	0.964	10.314	calibrate
774	1555188615899	-0.621	0.93	10.359	calibrate
775	1555188615902	-0.58	0.937	10.426	calibrate
776	1555188615905	-0.561	0.947	10.455	calibrate
777	1555188615907	-0.53	0.937	10.472	calibrate
778	1555188615911	-0.525	0.923	10.515	calibrate
779	1555188615912	-0.496	0.916	10.517	calibrate
780	1555188615916	-0.504	0.911	10.512	calibrate
781	1555188615917	-0.487	0.887	10.5	calibrate
782	1555188615919	-0.489	0.861	10.455	calibrate
783	1555188615922	-0.496	0.825	10.405	calibrate
784	1555188615924	-0.47	0.794	10.347	calibrate
785	1555188615926	-0.461	0.746	10.282	calibrate
786	1555188615928	-0.439	0.741	10.189	calibrate
787	1555188615930	-0.42	0.727	10.112	calibrate
788	1555188615937	-0.396	0.727	10.038	calibrate
789	1555188615938	-0.398	0.734	9.945	calibrate
790	1555188615939	-0.377	0.739	9.847	calibrate
791	1555188615940	-0.348	0.741	9.796	calibrate
792	1555188615943	-0.353	0.751	9.725	calibrate
793	1555188615945	-0.37	0.77	9.708	calibrate
794	1555188615947	-0.372	0.775	9.67	calibrate
795	1555188615950	-0.36	0.813	9.629	calibrate
796	1555188615952	-0.37	0.811	9.576	calibrate
797	1555188615954	-0.355	0.806	9.567	calibrate
798	1555188615957	-0.37	0.854	9.564	calibrate
799	1555188615961	-0.358	0.82	9.545	calibrate
800	1555188615964	-0.348	0.861	9.536	calibrate
801	1555188615965	-0.329	0.849	9.519	calibrate
802	1555188615968	-0.326	0.844	9.533	calibrate
803	1555188615969	-0.346	0.844	9.564	calibrate
804	1555188615972	-0.338	0.849	9.595	calibrate
805	1555188615973	-0.358	0.858	9.636	calibrate
806	1555188615977	-0.353	0.856	9.725	calibrate
807	1555188615978	-0.37	0.87	9.765	calibrate
808	1555188615983	-0.384	0.885	9.835	calibrate
809	1555188615984	-0.401	0.851	9.916	calibrate
810	1555188615985	-0.408	0.839	9.945	calibrate
811	1555188615989	-0.437	0.832	9.976	calibrate
812	1555188615991	-0.439	0.827	9.974	calibrate
813	1555188615993	-0.444	0.842	10	calibrate
814	1555188615996	-0.449	0.796	10.026	calibrate
815	1555188615997	-0.458	0.796	10.041	calibrate
816	1555188616002	-0.473	0.787	10.053	calibrate
817	1555188616003	-0.489	0.796	10.055	calibrate
818	1555188616005	-0.496	0.787	10.067	calibrate
819	1555188616009	-0.523	0.779	10.048	calibrate
820	1555188616010	-0.554	0.789	9.995	calibrate
821	1555188616012	-0.575	0.787	9.957	calibrate
822	1555188616015	-0.604	0.765	9.904	calibrate
823	1555188616017	-0.626	0.748	9.849	calibrate
824	1555188616019	-0.638	0.741	9.782	calibrate
825	1555188616021	-0.628	0.732	9.737	calibrate
826	1555188616030	-0.64	0.734	9.672	calibrate
827	1555188616031	-0.621	0.729	9.617	calibrate
828	1555188616032	-0.619	0.741	9.588	calibrate
829	1555188616033	-0.597	0.763	9.547	calibrate
830	1555188616034	-0.556	0.775	9.526	calibrate
831	1555188616035	-0.559	0.815	9.516	calibrate
832	1555188616041	-0.528	0.82	9.492	calibrate
833	1555188616042	-0.516	0.861	9.538	calibrate
834	1555188616044	-0.492	0.87	9.574	calibrate
835	1555188616045	-0.458	0.904	9.605	calibrate
836	1555188616048	-0.417	0.906	9.648	calibrate
837	1555188616051	-0.36	0.935	9.662	calibrate
838	1555188616054	-0.315	0.945	9.698	calibrate
839	1555188616055	-0.269	0.961	9.715	calibrate
840	1555188616058	-0.236	1.004	9.744	calibrate
841	1555188616060	-0.197	1.028	9.765	calibrate
842	1555188616062	-0.168	1.079	9.777	calibrate
843	1555188616064	-0.166	1.1	9.811	calibrate
844	1555188616071	-0.125	1.122	9.811	calibrate
845	1555188616072	-0.113	1.16	9.801	calibrate
846	1555188616073	-0.089	1.194	9.811	calibrate
847	1555188616074	-0.075	1.198	9.804	calibrate
848	1555188616077	-0.106	1.234	9.804	calibrate
849	1555188616080	-0.106	1.249	9.808	calibrate
850	1555188616081	-0.116	1.227	9.773	calibrate
851	1555188616084	-0.116	1.256	9.744	calibrate
852	1555188616086	-0.125	1.258	9.715	calibrate
853	1555188616088	-0.145	1.246	9.682	calibrate
854	1555188616092	-0.161	1.234	9.665	calibrate
855	1555188616093	-0.183	1.225	9.646	calibrate
856	1555188616097	-0.202	1.213	9.612	calibrate
857	1555188616098	-0.264	1.194	9.648	calibrate
858	1555188616100	-0.295	1.17	9.641	calibrate
859	1555188616103	-0.315	1.165	9.682	calibrate
860	1555188616106	-0.341	1.167	9.717	calibrate
861	1555188616107	-0.374	1.179	9.761	calibrate
862	1555188616111	-0.372	1.16	9.773	calibrate
863	1555188616113	-0.386	1.148	9.768	calibrate
864	1555188616116	-0.382	1.127	9.799	calibrate
865	1555188616117	-0.417	1.086	9.808	calibrate
866	1555188616122	-0.444	1.081	9.806	calibrate
867	1555188616123	-0.453	1.038	9.811	calibrate
868	1555188616124	-0.47	0.985	9.83	calibrate
869	1555188616127	-0.482	0.976	9.878	calibrate
870	1555188616130	-0.504	0.949	9.852	calibrate
871	1555188616132	-0.53	0.897	9.866	calibrate
872	1555188616135	-0.532	0.887	9.861	calibrate
873	1555188616136	-0.535	0.842	9.895	calibrate
874	1555188616138	-0.501	0.806	9.899	calibrate
875	1555188616141	-0.511	0.779	9.938	calibrate
876	1555188616143	-0.487	0.787	9.95	calibrate
877	1555188616147	-0.439	0.794	9.94	calibrate
878	1555188616148	-0.405	0.77	9.959	calibrate
879	1555188616152	-0.386	0.77	9.995	calibrate
880	1555188616154	-0.367	0.825	9.981	calibrate
881	1555188616155	-0.322	0.832	9.978	calibrate
882	1555188616158	-0.305	0.851	10.022	calibrate
883	1555188616161	-0.271	0.846	10.019	calibrate
884	1555188616162	-0.264	0.868	10.005	calibrate
885	1555188616165	-0.224	0.873	10.019	calibrate
886	1555188616167	-0.233	0.878	10.012	calibrate
887	1555188616171	-0.243	0.878	10.05	calibrate
888	1555188616173	-0.264	0.842	10.041	calibrate
889	1555188616174	-0.262	0.851	10.062	calibrate
890	1555188616178	-0.298	0.815	10.057	calibrate
891	1555188616179	-0.326	0.803	10.057	calibrate
892	1555188616182	-0.37	0.787	10.041	calibrate
893	1555188616185	-0.391	0.758	10.053	calibrate
894	1555188616187	-0.425	0.715	10.012	calibrate
895	1555188616188	-0.482	0.696	9.983	calibrate
896	1555188616193	-0.501	0.674	9.938	calibrate
897	1555188616194	-0.544	0.674	9.923	calibrate
898	1555188616196	-0.556	0.657	9.895	calibrate
899	1555188616199	-0.578	0.667	9.847	calibrate
900	1555188616201	-0.59	0.679	9.816	calibrate
901	1555188616204	-0.597	0.681	9.761	calibrate
902	1555188616205	-0.602	0.71	9.732	calibrate
903	1555188616211	-0.614	0.72	9.677	calibrate
904	1555188616212	-0.607	0.729	9.624	calibrate
905	1555188616214	-0.585	0.729	9.603	calibrate
906	1555188616217	-0.602	0.765	9.579	calibrate
907	1555188616219	-0.571	0.763	9.545	calibrate
908	1555188616221	-0.554	0.784	9.502	calibrate
909	1555188616222	-0.513	0.846	9.485	calibrate
910	1555188616227	-0.473	0.861	9.478	calibrate
911	1555188616228	-0.427	0.87	9.485	calibrate
912	1555188616230	-0.391	0.894	9.507	calibrate
913	1555188616233	-0.338	0.899	9.55	calibrate
914	1555188616235	-0.307	0.902	9.603	calibrate
915	1555188616237	-0.279	0.904	9.66	calibrate
916	1555188616240	-0.252	0.904	9.708	calibrate
917	1555188616242	-0.252	0.918	9.737	calibrate
918	1555188616244	-0.212	0.909	9.808	calibrate
919	1555188616248	-0.228	0.906	9.871	calibrate
920	1555188616249	-0.24	0.918	9.902	calibrate
921	1555188616253	-0.226	0.928	9.964	calibrate
922	1555188616254	-0.245	0.899	9.971	calibrate
923	1555188616256	-0.233	0.906	10.029	calibrate
924	1555188616262	-0.243	0.866	10.029	calibrate
925	1555188616264	-0.271	0.868	10.031	calibrate
926	1555188616266	-0.291	0.849	10.019	calibrate
927	1555188616268	-0.322	0.815	10.033	calibrate
928	1555188616271	-0.358	0.794	10.024	calibrate
929	1555188616272	-0.386	0.76	10.007	calibrate
930	1555188616273	-0.398	0.755	10.031	calibrate
931	1555188616277	-0.417	0.741	10.038	calibrate
932	1555188616278	-0.439	0.717	10.062	calibrate
933	1555188616280	-0.468	0.724	10.062	calibrate
934	1555188616282	-0.487	0.739	10.074	calibrate
935	1555188616285	-0.506	0.758	10.132	calibrate
936	1555188616288	-0.518	0.758	10.132	calibrate
937	1555188616289	-0.547	0.777	10.172	calibrate
938	1555188616295	-0.566	0.801	10.199	calibrate
939	1555188616296	-0.559	0.813	10.22	calibrate
940	1555188616297	-0.554	0.806	10.239	calibrate
941	1555188616299	-0.544	0.808	10.244	calibrate
942	1555188616303	-0.542	0.815	10.232	calibrate
943	1555188616304	-0.523	0.811	10.242	calibrate
944	1555188616307	-0.494	0.818	10.213	calibrate
945	1555188616308	-0.496	0.784	10.223	calibrate
946	1555188616311	-0.465	0.808	10.206	calibrate
947	1555188616313	-0.427	0.839	10.163	calibrate
948	1555188616316	-0.41	0.82	10.153	calibrate
949	1555188616318	-0.422	0.832	10.127	calibrate
950	1555188616322	-0.413	0.842	10.101	calibrate
951	1555188616323	-0.41	0.882	10.072	calibrate
952	1555188616326	-0.425	0.904	10.019	calibrate
953	1555188616329	-0.434	0.916	9.971	calibrate
954	1555188616331	-0.441	0.923	9.916	calibrate
955	1555188616333	-0.456	0.93	9.849	calibrate
956	1555188616334	-0.461	0.93	9.799	calibrate
957	1555188616338	-0.468	0.921	9.768	calibrate
958	1555188616339	-0.47	0.913	9.689	calibrate
959	1555188616344	-0.456	0.904	9.646	calibrate
960	1555188616345	-0.446	0.885	9.581	calibrate
961	1555188616346	-0.422	0.87	9.559	calibrate
962	1555188616349	-0.396	0.875	9.507	calibrate
963	1555188616351	-0.391	0.899	9.476	calibrate
964	1555188616354	-0.394	0.93	9.461	calibrate
965	1555188616357	-0.367	0.94	9.435	calibrate
966	1555188616358	-0.377	0.964	9.442	calibrate
967	1555188616363	-0.379	0.969	9.437	calibrate
968	1555188616364	-0.353	0.995	9.433	calibrate
969	1555188616365	-0.355	1.007	9.428	calibrate
970	1555188616370	-0.334	1.026	9.452	calibrate
971	1555188616371	-0.319	1.024	9.459	calibrate
972	1555188616373	-0.298	1.048	9.507	calibrate
973	1555188616376	-0.3	1.067	9.524	calibrate
974	1555188616377	-0.291	1.057	9.574	calibrate
975	1555188616382	-0.276	1.072	9.617	calibrate
976	1555188616383	-0.269	1.076	9.634	calibrate
977	1555188616386	-0.288	1.076	9.679	calibrate
978	1555188616387	-0.303	1.067	9.729	calibrate
979	1555188616390	-0.303	1.057	9.773	calibrate
980	1555188616392	-0.336	1.048	9.837	calibrate
981	1555188616397	-0.37	1.05	9.883	calibrate
982	1555188616398	-0.41	1.024	9.957	calibrate
983	1555188616399	-0.451	1	10.01	calibrate
984	1555188616403	-0.477	0.952	10.079	calibrate
985	1555188616404	-0.511	0.921	10.141	calibrate
986	1555188616406	-0.535	0.911	10.196	calibrate
987	1555188616409	-0.552	0.856	10.251	calibrate
988	1555188616412	-0.571	0.846	10.27	calibrate
989	1555188616413	-0.571	0.823	10.33	calibrate
990	1555188616416	-0.592	0.789	10.349	calibrate
991	1555188616418	-0.602	0.758	10.338	calibrate
992	1555188616421	-0.604	0.729	10.342	calibrate
993	1555188616423	-0.628	0.705	10.294	calibrate
994	1555188616426	-0.64	0.684	10.278	calibrate
995	1555188616428	-0.633	0.669	10.235	calibrate
996	1555188616432	-0.659	0.645	10.175	calibrate
997	1555188616433	-0.664	0.643	10.115	calibrate
998	1555188616435	-0.638	0.621	10.062	calibrate
999	1555188616438	-0.631	0.607	9.976	calibrate
1000	1555188616442	-0.597	0.641	9.921	calibrate
1001	1555188616443	-0.59	0.638	9.859	calibrate
1002	1555188616444	-0.556	0.629	9.808	calibrate
1003	1555188616447	-0.537	0.621	9.782	calibrate
1004	1555188616449	-0.516	0.645	9.751	calibrate
1005	1555188616452	-0.506	0.7	9.71	calibrate
1006	1555188616454	-0.489	0.708	9.689	calibrate
1007	1555188616458	-0.463	0.748	9.653	calibrate
1008	1555188616459	-0.461	0.744	9.641	calibrate
1009	1555188616461	-0.439	0.784	9.629	calibrate
1010	1555188616464	-0.439	0.787	9.598	calibrate
1011	1555188616466	-0.458	0.808	9.595	calibrate
1012	1555188616468	-0.456	0.808	9.643	calibrate
1013	1555188616471	-0.453	0.837	9.672	calibrate
1014	1555188616473	-0.489	0.83	9.713	calibrate
1015	1555188616476	-0.487	0.856	9.787	calibrate
1016	1555188616479	-0.489	0.861	9.835	calibrate
1017	1555188616481	-0.516	0.863	9.885	calibrate
1018	1555188616483	-0.532	0.873	9.945	calibrate
1019	1555188616485	-0.547	0.88	10.014	calibrate
1020	1555188616488	-0.578	0.873	10.098	calibrate
1021	1555188616490	-0.568	0.882	10.17	calibrate
1022	1555188616492	-0.58	0.868	10.223	calibrate
1023	1555188616496	-0.583	0.839	10.249	calibrate
1024	1555188616499	-0.566	0.83	10.254	calibrate
1025	1555188616500	-0.554	0.799	10.28	calibrate
1026	1555188616502	-0.532	0.803	10.259	calibrate
1027	1555188616506	-0.532	0.794	10.259	calibrate
1028	1555188616508	-0.484	0.801	10.206	calibrate
1029	1555188616509	-0.496	0.825	10.148	calibrate
1030	1555188616513	-0.482	0.813	10.132	calibrate
1031	1555188616514	-0.494	0.803	10.132	calibrate
1032	1555188616518	-0.496	0.803	10.086	calibrate
1033	1555188616519	-0.494	0.799	10.024	calibrate
1034	1555188616523	-0.508	0.811	9.916	calibrate
1035	1555188616524	-0.532	0.839	9.82	calibrate
1036	1555188616526	-0.575	0.863	9.729	calibrate
1037	1555188616529	-0.602	0.897	9.603	calibrate
1038	1555188616534	-0.657	0.909	9.5	calibrate
1039	1555188616535	-0.681	0.94	9.416	calibrate
1040	1555188616537	-0.71	0.916	9.31	calibrate
1041	1555188616538	-0.745	0.89	9.231	calibrate
1042	1555188616539	-0.75	0.87	9.16	calibrate
1043	1555188616542	-0.75	0.832	9.15	calibrate
1044	1555188616545	-0.791	0.825	9.143	calibrate
1045	1555188616547	-0.796	0.858	9.172	calibrate
1046	1555188616549	-0.796	0.861	9.243	calibrate
1047	1555188616552	-0.784	0.902	9.363	calibrate
1048	1555188616555	-0.753	0.916	9.449	calibrate
1049	1555188616556	-0.748	0.966	9.557	calibrate
1050	1555188616559	-0.698	0.985	9.617	calibrate
1051	1555188616561	-0.654	1.019	9.646	calibrate
1052	1555188616564	-0.614	1.028	9.705	calibrate
1053	1555188616566	-0.587	1.052	9.715	calibrate
1054	1555188616568	-0.556	1.036	9.674	calibrate
1055	1555188616575	-0.523	1.036	9.679	calibrate
1056	1555188616576	-0.475	1.009	9.648	calibrate
1057	1555188616577	-0.456	1.007	9.622	calibrate
1058	1555188616578	-0.444	0.976	9.567	calibrate
1059	1555188616581	-0.444	0.925	9.536	calibrate
1060	1555188616582	-0.475	0.923	9.495	calibrate
1061	1555188616585	-0.463	0.866	9.447	calibrate
1062	1555188616589	-0.484	0.842	9.37	calibrate
1063	1555188616592	-0.518	0.801	9.287	calibrate
1064	1555188616593	-0.518	0.803	9.222	calibrate
1065	1555188616595	-0.528	0.799	9.162	calibrate
1066	1555188616597	-0.542	0.806	9.081	calibrate
1067	1555188616599	-0.532	0.823	9.021	calibrate
1068	1555188616602	-0.523	0.854	8.985	calibrate
1069	1555188616605	-0.508	0.87	8.999	calibrate
1070	1555188616608	-0.473	0.913	8.999	calibrate
1071	1555188616609	-0.456	0.933	9.04	calibrate
1072	1555188616612	-0.422	0.921	9.15	calibrate
1073	1555188616614	-0.408	0.887	9.229	calibrate
1074	1555188616616	-0.374	0.93	9.308	calibrate
1075	1555188616618	-0.348	0.964	9.385	calibrate
1076	1555188616622	-0.312	1.021	9.483	calibrate
1077	1555188616623	-0.279	1.06	9.579	calibrate
1078	1555188616626	-0.257	1.127	9.691	calibrate
