1	1555795741395	-0.303	0.21	10.242	calibrate2
2	1555795741396	-0.303	0.21	10.242	calibrate2
3	1555795741397	-0.267	0.214	10.189	calibrate2
4	1555795741398	-0.267	0.214	10.189	calibrate2
5	1555795741399	-0.25	0.2	10.127	calibrate2
6	1555795741400	-0.25	0.2	10.127	calibrate2
7	1555795741401	-0.226	0.181	10.077	calibrate2
8	1555795741404	-0.219	0.198	10	calibrate2
9	1555795741417	-0.226	0.19	9.909	calibrate2
10	1555795741418	-0.247	0.188	9.825	calibrate2
11	1555795741419	-0.238	0.169	9.751	calibrate2
12	1555795741420	-0.267	0.126	9.67	calibrate2
13	1555795741421	-0.3	0.107	9.571	calibrate2
14	1555795741422	-0.298	0.044	9.49	calibrate2
15	1555795741423	-0.31	0.011	9.43	calibrate2
16	1555795741424	-0.329	-0.049	9.382	calibrate2
17	1555795741425	-0.37	-0.073	9.334	calibrate2
18	1555795741427	-0.377	-0.126	9.287	calibrate2
19	1555795741429	-0.389	-0.195	9.2	calibrate2
20	1555795741432	-0.408	-0.226	9.133	calibrate2
21	1555795741434	-0.449	-0.286	9.066	calibrate2
22	1555795741436	-0.489	-0.31	8.978	calibrate2
23	1555795741438	-0.523	-0.303	8.913	calibrate2
24	1555795741441	-0.552	-0.331	8.851	calibrate2
25	1555795741444	-0.568	-0.348	8.832	calibrate2
26	1555795741446	-0.587	-0.298	8.772	calibrate2
27	1555795741448	-0.604	-0.329	8.76	calibrate2
28	1555795741450	-0.633	-0.341	8.765	calibrate2
29	1555795741453	-0.638	-0.346	8.774	calibrate2
30	1555795741455	-0.654	-0.319	8.812	calibrate2
31	1555795741458	-0.686	-0.317	8.834	calibrate2
32	1555795741460	-0.695	-0.288	8.913	calibrate2
33	1555795741462	-0.695	-0.269	8.985	calibrate2
34	1555795741465	-0.683	-0.24	9.045	calibrate2
35	1555795741467	-0.645	-0.197	9.131	calibrate2
36	1555795741470	-0.647	-0.123	9.231	calibrate2
37	1555795741472	-0.621	-0.099	9.332	calibrate2
38	1555795741475	-0.602	-0.061	9.447	calibrate2
39	1555795741477	-0.578	-0.035	9.531	calibrate2
40	1555795741479	-0.516	0.006	9.638	calibrate2
41	1555795741482	-0.465	0.011	9.732	calibrate2
42	1555795741484	-0.413	0.056	9.787	calibrate2
43	1555795741487	-0.362	0.066	9.868	calibrate2
44	1555795741489	-0.271	0.092	9.964	calibrate2
45	1555795741492	-0.18	0.102	10.038	calibrate2
46	1555795741494	-0.104	0.054	10.101	calibrate2
47	1555795741496	-0.054	0.054	10.18	calibrate2
48	1555795741498	0.021	0.037	10.259	calibrate2
49	1555795741501	0.092	-0.011	10.359	calibrate2
50	1555795741503	0.162	-0.049	10.484	calibrate2
51	1555795741506	0.222	-0.061	10.603	calibrate2
52	1555795741508	0.291	-0.121	10.723	calibrate2
53	1555795741511	0.344	-0.161	10.838	calibrate2
54	1555795741513	0.406	-0.2	10.898	calibrate2
55	1555795741515	0.44	-0.243	10.972	calibrate2
56	1555795741518	0.478	-0.291	11.039	calibrate2
57	1555795741520	0.523	-0.305	11.068	calibrate2
58	1555795741522	0.528	-0.319	11.092	calibrate2
59	1555795741526	0.519	-0.372	11.099	calibrate2
60	1555795741527	0.535	-0.394	11.084	calibrate2
61	1555795741529	0.509	-0.434	11.077	calibrate2
62	1555795741532	0.478	-0.449	11.058	calibrate2
63	1555795741534	0.454	-0.48	11.02	calibrate2
64	1555795741537	0.399	-0.509	10.934	calibrate2
65	1555795741539	0.344	-0.516	10.862	calibrate2
66	1555795741543	0.306	-0.525	10.79	calibrate2
67	1555795741544	0.234	-0.511	10.694	calibrate2
68	1555795741546	0.14	-0.571	10.61	calibrate2
69	1555795741548	0.04	-0.561	10.546	calibrate2
70	1555795741551	-0.051	-0.592	10.472	calibrate2
71	1555795741554	-0.137	-0.631	10.39	calibrate2
72	1555795741556	-0.25	-0.619	10.333	calibrate2
73	1555795741558	-0.355	-0.674	10.247	calibrate2
74	1555795741561	-0.456	-0.726	10.165	calibrate2
75	1555795741563	-0.537	-0.746	10.089	calibrate2
76	1555795741565	-0.619	-0.762	9.995	calibrate2
77	1555795741568	-0.688	-0.77	9.928	calibrate2
78	1555795741570	-0.779	-0.801	9.837	calibrate2
79	1555795741573	-0.834	-0.789	9.763	calibrate2
80	1555795741576	-0.858	-0.77	9.701	calibrate2
81	1555795741578	-0.908	-0.782	9.641	calibrate2
82	1555795741580	-0.93	-0.786	9.612	calibrate2
83	1555795741582	-0.961	-0.791	9.607	calibrate2
84	1555795741584	-0.982	-0.789	9.579	calibrate2
85	1555795741587	-1.009	-0.803	9.588	calibrate2
86	1555795741589	-1.011	-0.81	9.6	calibrate2
87	1555795741593	-1.042	-0.796	9.65	calibrate2
88	1555795741594	-1.047	-0.851	9.684	calibrate2
89	1555795741596	-1.047	-0.873	9.758	calibrate2
90	1555795741599	-1.028	-0.858	9.837	calibrate2
91	1555795741602	-0.963	-0.882	9.923	calibrate2
92	1555795741603	-0.906	-0.863	9.995	calibrate2
93	1555795741606	-0.839	-0.856	10.036	calibrate2
94	1555795741608	-0.781	-0.851	10.074	calibrate2
95	1555795741611	-0.748	-0.844	10.136	calibrate2
96	1555795741614	-0.695	-0.841	10.172	calibrate2
97	1555795741615	-0.657	-0.813	10.251	calibrate2
98	1555795741618	-0.592	-0.791	10.282	calibrate2
99	1555795741620	-0.556	-0.758	10.321	calibrate2
100	1555795741623	-0.499	-0.712	10.314	calibrate2
101	1555795741625	-0.437	-0.664	10.326	calibrate2
102	1555795741627	-0.377	-0.6	10.347	calibrate2
103	1555795741630	-0.331	-0.576	10.335	calibrate2
104	1555795741632	-0.276	-0.525	10.354	calibrate2
105	1555795741635	-0.209	-0.482	10.352	calibrate2
106	1555795741637	-0.161	-0.42	10.373	calibrate2
107	1555795741639	-0.111	-0.365	10.405	calibrate2
108	1555795741642	-0.054	-0.324	10.438	calibrate2
109	1555795741644	0.004	-0.24	10.474	calibrate2
110	1555795741647	0.052	-0.224	10.488	calibrate2
111	1555795741649	0.085	-0.188	10.505	calibrate2
112	1555795741652	0.124	-0.159	10.531	calibrate2
113	1555795741654	0.143	-0.126	10.524	calibrate2
114	1555795741656	0.2	-0.097	10.5	calibrate2
115	1555795741659	0.186	-0.087	10.488	calibrate2
116	1555795741662	0.2	-0.063	10.443	calibrate2
117	1555795741664	0.183	-0.059	10.371	calibrate2
118	1555795741666	0.2	-0.104	10.302	calibrate2
119	1555795741668	0.169	-0.092	10.247	calibrate2
120	1555795741671	0.138	-0.123	10.16	calibrate2
121	1555795741673	0.124	-0.138	10.081	calibrate2
122	1555795741676	0.092	-0.164	10.022	calibrate2
123	1555795741679	0.057	-0.181	9.945	calibrate2
124	1555795741680	0.028	-0.207	9.883	calibrate2
125	1555795741683	-0.03	-0.238	9.823	calibrate2
126	1555795741685	-0.044	-0.269	9.77	calibrate2
127	1555795741688	-0.094	-0.272	9.705	calibrate2
128	1555795741690	-0.142	-0.286	9.662	calibrate2
129	1555795741692	-0.157	-0.319	9.605	calibrate2
130	1555795741695	-0.188	-0.319	9.557	calibrate2
131	1555795741697	-0.183	-0.355	9.49	calibrate2
132	1555795741700	-0.19	-0.372	9.457	calibrate2
133	1555795741702	-0.192	-0.377	9.428	calibrate2
134	1555795741706	-0.197	-0.36	9.404	calibrate2
135	1555795741707	-0.185	-0.382	9.37	calibrate2
136	1555795741710	-0.18	-0.377	9.361	calibrate2
137	1555795741712	-0.173	-0.331	9.356	calibrate2
138	1555795741714	-0.178	-0.319	9.377	calibrate2
139	1555795741717	-0.164	-0.305	9.399	calibrate2
140	1555795741719	-0.145	-0.281	9.43	calibrate2
141	1555795741727	-0.168	-0.248	9.454	calibrate2
142	1555795741728	-0.18	-0.233	9.49	calibrate2
143	1555795741730	-0.2	-0.238	9.562	calibrate2
144	1555795741731	-0.219	-0.228	9.624	calibrate2
145	1555795741732	-0.221	-0.236	9.679	calibrate2
146	1555795741733	-0.236	-0.272	9.727	calibrate2
147	1555795741743	-0.247	-0.269	9.804	calibrate2
148	1555795741744	-0.243	-0.319	9.828	calibrate2
149	1555795741745	-0.264	-0.339	9.83	calibrate2
150	1555795741746	-0.286	-0.394	9.847	calibrate2
151	1555795741747	-0.307	-0.418	9.919	calibrate2
152	1555795741748	-0.288	-0.449	9.883	calibrate2
153	1555795741752	-0.298	-0.473	9.892	calibrate2
154	1555795741753	-0.288	-0.48	9.899	calibrate2
155	1555795741756	-0.291	-0.528	9.916	calibrate2
156	1555795741758	-0.295	-0.559	9.911	calibrate2
157	1555795741759	-0.291	-0.556	9.909	calibrate2
158	1555795741763	-0.279	-0.59	9.911	calibrate2
159	1555795741765	-0.271	-0.588	9.94	calibrate2
160	1555795741769	-0.252	-0.571	9.931	calibrate2
161	1555795741770	-0.228	-0.561	9.931	calibrate2
162	1555795741772	-0.219	-0.54	9.899	calibrate2
163	1555795741774	-0.188	-0.458	9.871	calibrate2
164	1555795741778	-0.164	-0.422	9.837	calibrate2
165	1555795741779	-0.133	-0.36	9.789	calibrate2
166	1555795741783	-0.121	-0.312	9.739	calibrate2
167	1555795741784	-0.094	-0.233	9.729	calibrate2
168	1555795741787	-0.08	-0.202	9.677	calibrate2
169	1555795741788	-0.087	-0.161	9.641	calibrate2
170	1555795741793	-0.054	-0.128	9.631	calibrate2
171	1555795741794	-0.046	-0.082	9.583	calibrate2
172	1555795741795	-0.03	-0.039	9.543	calibrate2
173	1555795741799	-0.054	-0.02	9.521	calibrate2
174	1555795741800	-0.034	-0.001	9.478	calibrate2
175	1555795741806	-0.032	0.006	9.43	calibrate2
176	1555795741808	-0.022	0.001	9.433	calibrate2
177	1555795741811	-0.03	0.009	9.404	calibrate2
178	1555795741812	-0.032	0.001	9.394	calibrate2
179	1555795741814	-0.054	-0.03	9.356	calibrate2
180	1555795741815	-0.042	-0.025	9.358	calibrate2
181	1555795741817	-0.049	-0.025	9.349	calibrate2
182	1555795741819	-0.073	-0.039	9.351	calibrate2
183	1555795741824	-0.073	-0.059	9.373	calibrate2
184	1555795741825	-0.08	-0.051	9.397	calibrate2
185	1555795741827	-0.07	-0.063	9.418	calibrate2
186	1555795741829	-0.08	-0.087	9.428	calibrate2
187	1555795741831	-0.07	-0.111	9.473	calibrate2
188	1555795741834	-0.082	-0.109	9.495	calibrate2
189	1555795741836	-0.082	-0.147	9.562	calibrate2
190	1555795741839	-0.07	-0.145	9.624	calibrate2
191	1555795741841	-0.063	-0.178	9.66	calibrate2
192	1555795741843	-0.063	-0.205	9.739	calibrate2
193	1555795741846	-0.039	-0.178	9.818	calibrate2
194	1555795741848	-0.025	-0.197	9.854	calibrate2
195	1555795741856	-0.01	-0.205	9.885	calibrate2
196	1555795741857	0.002	-0.224	9.94	calibrate2
197	1555795741858	0.013	-0.228	9.978	calibrate2
198	1555795741859	0.009	-0.248	9.981	calibrate2
199	1555795741861	-0.015	-0.267	10.007	calibrate2
200	1555795741862	0.004	-0.288	10.022	calibrate2
201	1555795741864	-0.001	-0.291	10.005	calibrate2
202	1555795741867	-0.001	-0.312	9.993	calibrate2
203	1555795741869	-0.006	-0.305	9.986	calibrate2
204	1555795741872	0.009	-0.298	9.983	calibrate2
205	1555795741874	-0.027	-0.298	10.007	calibrate2
206	1555795741876	-0.058	-0.336	9.988	calibrate2
207	1555795741879	-0.089	-0.339	10.029	calibrate2
208	1555795741881	-0.118	-0.339	10.014	calibrate2
209	1555795741884	-0.142	-0.367	10.022	calibrate2
210	1555795741886	-0.168	-0.377	10.014	calibrate2
211	1555795741888	-0.185	-0.422	10.007	calibrate2
212	1555795741890	-0.224	-0.432	10.022	calibrate2
213	1555795741893	-0.264	-0.444	10.029	calibrate2
214	1555795741896	-0.291	-0.463	10.014	calibrate2
215	1555795741898	-0.334	-0.489	10.012	calibrate2
216	1555795741900	-0.348	-0.509	10.014	calibrate2
217	1555795741903	-0.341	-0.492	9.981	calibrate2
218	1555795741906	-0.391	-0.509	9.974	calibrate2
219	1555795741907	-0.379	-0.511	9.988	calibrate2
220	1555795741911	-0.372	-0.511	9.995	calibrate2
221	1555795741912	-0.372	-0.501	9.993	calibrate2
222	1555795741915	-0.334	-0.511	10.026	calibrate2
223	1555795741917	-0.319	-0.518	10.002	calibrate2
224	1555795741919	-0.291	-0.518	9.998	calibrate2
225	1555795741922	-0.267	-0.516	10.022	calibrate2
226	1555795741924	-0.267	-0.533	10.017	calibrate2
227	1555795741926	-0.245	-0.521	10.045	calibrate2
228	1555795741929	-0.245	-0.513	10.017	calibrate2
229	1555795741932	-0.24	-0.535	10.033	calibrate2
230	1555795741934	-0.228	-0.54	10.05	calibrate2
231	1555795741937	-0.207	-0.533	10.098	calibrate2
232	1555795741938	-0.216	-0.533	10.093	calibrate2
233	1555795741944	-0.188	-0.516	10.077	calibrate2
234	1555795741945	-0.192	-0.482	10.055	calibrate2
235	1555795741946	-0.202	-0.477	10.005	calibrate2
236	1555795741948	-0.192	-0.444	9.959	calibrate2
237	1555795741951	-0.18	-0.449	9.878	calibrate2
238	1555795741956	-0.185	-0.437	9.847	calibrate2
239	1555795741957	-0.192	-0.427	9.811	calibrate2
240	1555795741959	-0.188	-0.427	9.741	calibrate2
241	1555795741962	-0.188	-0.42	9.72	calibrate2
242	1555795741963	-0.214	-0.418	9.705	calibrate2
243	1555795741966	-0.236	-0.434	9.701	calibrate2
244	1555795741968	-0.247	-0.418	9.694	calibrate2
245	1555795741970	-0.271	-0.42	9.684	calibrate2
246	1555795741973	-0.303	-0.432	9.691	calibrate2
247	1555795741975	-0.334	-0.439	9.67	calibrate2
248	1555795741977	-0.36	-0.425	9.689	calibrate2
249	1555795741982	-0.372	-0.427	9.677	calibrate2
250	1555795741983	-0.374	-0.449	9.696	calibrate2
251	1555795741985	-0.36	-0.415	9.713	calibrate2
252	1555795741986	-0.379	-0.406	9.763	calibrate2
253	1555795741989	-0.348	-0.372	9.811	calibrate2
254	1555795741993	-0.326	-0.351	9.887	calibrate2
255	1555795741994	-0.293	-0.322	9.947	calibrate2
256	1555795741998	-0.25	-0.305	9.995	calibrate2
257	1555795741999	-0.216	-0.248	10.055	calibrate2
258	1555795742003	-0.164	-0.236	10.081	calibrate2
259	1555795742004	-0.137	-0.169	10.122	calibrate2
260	1555795742006	-0.073	-0.185	10.156	calibrate2
261	1555795742008	-0.042	-0.166	10.139	calibrate2
262	1555795742013	0.004	-0.159	10.168	calibrate2
263	1555795742015	0.045	-0.147	10.18	calibrate2
264	1555795742016	0.057	-0.169	10.144	calibrate2
265	1555795742018	0.061	-0.183	10.127	calibrate2
266	1555795742022	0.097	-0.183	10.086	calibrate2
267	1555795742023	0.092	-0.197	10.055	calibrate2
268	1555795742025	0.085	-0.217	10.055	calibrate2
269	1555795742028	0.076	-0.281	10.103	calibrate2
270	1555795742030	0.054	-0.284	10.17	calibrate2
271	1555795742034	0.052	-0.312	10.208	calibrate2
272	1555795742035	0.021	-0.346	10.247	calibrate2
273	1555795742039	0.037	-0.36	10.28	calibrate2
274	1555795742040	0.013	-0.406	10.278	calibrate2
275	1555795742043	-0.01	-0.442	10.275	calibrate2
276	1555795742044	-0.037	-0.473	10.278	calibrate2
277	1555795742049	-0.056	-0.487	10.249	calibrate2
278	1555795742050	-0.106	-0.511	10.199	calibrate2
279	1555795742052	-0.152	-0.564	10.163	calibrate2
280	1555795742053	-0.178	-0.595	10.11	calibrate2
281	1555795742058	-0.228	-0.624	10.079	calibrate2
282	1555795742059	-0.291	-0.585	10.007	calibrate2
283	1555795742061	-0.336	-0.612	9.978	calibrate2
284	1555795742064	-0.367	-0.621	9.94	calibrate2
285	1555795742065	-0.405	-0.616	9.89	calibrate2
286	1555795742068	-0.413	-0.59	9.89	calibrate2
287	1555795742072	-0.422	-0.585	9.837	calibrate2
288	1555795742074	-0.42	-0.602	9.801	calibrate2
289	1555795742075	-0.384	-0.564	9.737	calibrate2
290	1555795742077	-0.379	-0.535	9.682	calibrate2
291	1555795742082	-0.343	-0.521	9.643	calibrate2
292	1555795742083	-0.322	-0.511	9.655	calibrate2
293	1555795742085	-0.3	-0.497	9.646	calibrate2
294	1555795742087	-0.269	-0.487	9.643	calibrate2
295	1555795742091	-0.245	-0.466	9.679	calibrate2
296	1555795742092	-0.204	-0.439	9.703	calibrate2
297	1555795742094	-0.178	-0.391	9.737	calibrate2
298	1555795742097	-0.145	-0.363	9.773	calibrate2
299	1555795742101	-0.13	-0.363	9.818	calibrate2
300	1555795742102	-0.085	-0.331	9.847	calibrate2
301	1555795742104	-0.061	-0.324	9.885	calibrate2
302	1555795742106	-0.066	-0.286	9.931	calibrate2
303	1555795742111	-0.066	-0.298	9.95	calibrate2
304	1555795742112	-0.068	-0.291	10.036	calibrate2
305	1555795742114	-0.044	-0.298	10.069	calibrate2
306	1555795742115	-0.044	-0.322	10.079	calibrate2
307	1555795742119	-0.073	-0.351	10.112	calibrate2
308	1555795742122	-0.066	-0.382	10.141	calibrate2
309	1555795742123	-0.073	-0.384	10.163	calibrate2
310	1555795742126	-0.092	-0.41	10.16	calibrate2
311	1555795742128	-0.118	-0.427	10.187	calibrate2
312	1555795742130	-0.145	-0.461	10.18	calibrate2
313	1555795742133	-0.123	-0.482	10.141	calibrate2
314	1555795742136	-0.133	-0.501	10.112	calibrate2
315	1555795742138	-0.157	-0.535	10.096	calibrate2
316	1555795742140	-0.149	-0.573	10.077	calibrate2
317	1555795742142	-0.152	-0.59	10.041	calibrate2
318	1555795742144	-0.152	-0.6	10.014	calibrate2
319	1555795742147	-0.166	-0.619	9.978	calibrate2
320	1555795742149	-0.149	-0.621	9.971	calibrate2
321	1555795742152	-0.152	-0.59	9.957	calibrate2
322	1555795742155	-0.123	-0.554	9.916	calibrate2
323	1555795742156	-0.092	-0.547	9.89	calibrate2
324	1555795742162	-0.073	-0.501	9.856	calibrate2
325	1555795742163	-0.049	-0.485	9.832	calibrate2
326	1555795742164	-0.006	-0.427	9.787	calibrate2
327	1555795742167	0.042	-0.403	9.758	calibrate2
328	1555795742171	0.069	-0.346	9.756	calibrate2
329	1555795742172	0.104	-0.322	9.734	calibrate2
330	1555795742173	0.155	-0.279	9.717	calibrate2
331	1555795742176	0.174	-0.219	9.744	calibrate2
332	1555795742178	0.215	-0.19	9.734	calibrate2
333	1555795742181	0.231	-0.14	9.722	calibrate2
334	1555795742183	0.248	-0.121	9.749	calibrate2
335	1555795742186	0.265	-0.078	9.794	calibrate2
336	1555795742188	0.253	-0.068	9.811	calibrate2
337	1555795742190	0.27	-0.039	9.818	calibrate2
338	1555795742192	0.231	-0.061	9.844	calibrate2
339	1555795742196	0.236	-0.047	9.88	calibrate2
340	1555795742198	0.217	-0.047	9.863	calibrate2
341	1555795742201	0.224	-0.054	9.866	calibrate2
342	1555795742202	0.169	-0.075	9.887	calibrate2
343	1555795742204	0.124	-0.121	9.902	calibrate2
344	1555795742207	0.076	-0.138	9.907	calibrate2
345	1555795742211	0.054	-0.181	9.94	calibrate2
346	1555795742212	0.025	-0.2	9.969	calibrate2
347	1555795742214	0.006	-0.224	10.007	calibrate2
348	1555795742217	-0.006	-0.243	10.024	calibrate2
349	1555795742218	-0.01	-0.269	10.048	calibrate2
350	1555795742222	-0.03	-0.276	10.062	calibrate2
351	1555795742223	-0.022	-0.312	10.079	calibrate2
352	1555795742226	-0.022	-0.317	10.077	calibrate2
353	1555795742228	-0.03	-0.355	10.055	calibrate2
354	1555795742231	-0.039	-0.394	10.014	calibrate2
355	1555795742233	-0.039	-0.444	9.998	calibrate2
356	1555795742237	-0.061	-0.485	9.969	calibrate2
357	1555795742239	-0.056	-0.533	9.94	calibrate2
358	1555795742240	-0.077	-0.564	9.928	calibrate2
359	1555795742244	-0.087	-0.595	9.919	calibrate2
360	1555795742246	-0.106	-0.638	9.863	calibrate2
361	1555795742249	-0.123	-0.662	9.796	calibrate2
362	1555795742250	-0.097	-0.698	9.739	calibrate2
363	1555795742253	-0.104	-0.703	9.677	calibrate2
364	1555795742255	-0.106	-0.688	9.629	calibrate2
365	1555795742258	-0.111	-0.683	9.555	calibrate2
366	1555795742259	-0.111	-0.676	9.524	calibrate2
367	1555795742263	-0.113	-0.667	9.466	calibrate2
368	1555795742265	-0.113	-0.635	9.473	calibrate2
369	1555795742268	-0.135	-0.619	9.44	calibrate2
370	1555795742269	-0.14	-0.578	9.459	calibrate2
371	1555795742272	-0.178	-0.566	9.476	calibrate2
372	1555795742273	-0.178	-0.533	9.485	calibrate2
373	1555795742278	-0.188	-0.499	9.495	calibrate2
374	1555795742279	-0.212	-0.47	9.559	calibrate2
375	1555795742281	-0.209	-0.463	9.591	calibrate2
376	1555795742284	-0.214	-0.461	9.643	calibrate2
377	1555795742285	-0.214	-0.444	9.705	calibrate2
378	1555795742289	-0.195	-0.422	9.737	calibrate2
379	1555795742290	-0.171	-0.42	9.806	calibrate2
380	1555795742294	-0.171	-0.444	9.849	calibrate2
381	1555795742295	-0.149	-0.451	9.863	calibrate2
382	1555795742299	-0.166	-0.444	9.887	calibrate2
383	1555795742300	-0.135	-0.442	9.931	calibrate2
384	1555795742304	-0.135	-0.513	9.969	calibrate2
385	1555795742306	-0.111	-0.535	9.928	calibrate2
386	1555795742308	-0.092	-0.559	9.971	calibrate2
387	1555795742309	-0.089	-0.614	10.01	calibrate2
388	1555795742312	-0.097	-0.624	10.031	calibrate2
389	1555795742314	-0.097	-0.643	10.057	calibrate2
390	1555795742322	-0.077	-0.679	10.103	calibrate2
391	1555795742323	-0.08	-0.705	10.117	calibrate2
392	1555795742324	-0.046	-0.724	10.17	calibrate2
393	1555795742327	-0.066	-0.746	10.172	calibrate2
394	1555795742328	-0.061	-0.729	10.211	calibrate2
395	1555795742329	-0.046	-0.731	10.18	calibrate2
396	1555795742332	-0.018	-0.743	10.22	calibrate2
397	1555795742334	-0.013	-0.712	10.184	calibrate2
398	1555795742337	-0.01	-0.71	10.223	calibrate2
399	1555795742338	0.004	-0.707	10.172	calibrate2
400	1555795742342	0.016	-0.667	10.168	calibrate2
401	1555795742344	0.033	-0.667	10.134	calibrate2
402	1555795742346	0.054	-0.602	10.101	calibrate2
403	1555795742349	0.045	-0.58	10.074	calibrate2
404	1555795742350	0.102	-0.559	10.033	calibrate2
405	1555795742354	0.124	-0.494	10.045	calibrate2
406	1555795742355	0.148	-0.466	10.007	calibrate2
407	1555795742359	0.195	-0.43	9.952	calibrate2
408	1555795742360	0.205	-0.379	9.909	calibrate2
409	1555795742363	0.229	-0.341	9.897	calibrate2
410	1555795742364	0.262	-0.312	9.863	calibrate2
411	1555795742369	0.277	-0.284	9.844	calibrate2
412	1555795742370	0.277	-0.264	9.832	calibrate2
413	1555795742372	0.286	-0.25	9.811	calibrate2
414	1555795742376	0.296	-0.224	9.801	calibrate2
415	1555795742377	0.31	-0.231	9.777	calibrate2
416	1555795742380	0.301	-0.219	9.804	calibrate2
417	1555795742382	0.291	-0.243	9.799	calibrate2
418	1555795742383	0.296	-0.245	9.784	calibrate2
419	1555795742387	0.267	-0.272	9.875	calibrate2
420	1555795742389	0.248	-0.252	9.921	calibrate2
421	1555795742391	0.203	-0.272	9.952	calibrate2
422	1555795742393	0.186	-0.322	10.017	calibrate2
423	1555795742398	0.169	-0.365	10.098	calibrate2
424	1555795742399	0.171	-0.394	10.122	calibrate2
425	1555795742402	0.124	-0.468	10.182	calibrate2
426	1555795742404	0.116	-0.516	10.225	calibrate2
427	1555795742406	0.092	-0.549	10.242	calibrate2
428	1555795742407	0.059	-0.59	10.278	calibrate2
429	1555795742412	0.028	-0.638	10.259	calibrate2
430	1555795742413	0.035	-0.676	10.235	calibrate2
431	1555795742417	0.006	-0.679	10.196	calibrate2
432	1555795742418	0.018	-0.683	10.17	calibrate2
433	1555795742420	-0.022	-0.7	10.115	calibrate2
434	1555795742426	-0.03	-0.695	10.086	calibrate2
435	1555795742428	-0.02	-0.705	10.029	calibrate2
436	1555795742431	-0.066	-0.7	9.966	calibrate2
437	1555795742432	-0.063	-0.686	9.926	calibrate2
438	1555795742433	-0.087	-0.676	9.883	calibrate2
439	1555795742434	-0.092	-0.647	9.84	calibrate2
440	1555795742437	-0.092	-0.643	9.784	calibrate2
441	1555795742440	-0.087	-0.621	9.751	calibrate2
442	1555795742441	-0.085	-0.588	9.691	calibrate2
443	1555795742444	-0.082	-0.549	9.643	calibrate2
444	1555795742446	-0.106	-0.516	9.634	calibrate2
445	1555795742448	-0.097	-0.468	9.569	calibrate2
446	1555795742452	-0.128	-0.446	9.552	calibrate2
447	1555795742454	-0.13	-0.444	9.555	calibrate2
448	1555795742455	-0.142	-0.418	9.531	calibrate2
449	1555795742464	-0.154	-0.384	9.552	calibrate2
450	1555795742465	-0.137	-0.375	9.543	calibrate2
451	1555795742466	-0.14	-0.372	9.564	calibrate2
452	1555795742469	-0.147	-0.377	9.579	calibrate2
453	1555795742470	-0.14	-0.384	9.612	calibrate2
454	1555795742471	-0.135	-0.387	9.66	calibrate2
455	1555795742472	-0.168	-0.461	9.698	calibrate2
456	1555795742477	-0.18	-0.501	9.751	calibrate2
457	1555795742478	-0.221	-0.585	9.773	calibrate2
458	1555795742481	-0.228	-0.628	9.806	calibrate2
459	1555795742482	-0.233	-0.691	9.835	calibrate2
460	1555795742485	-0.259	-0.726	9.852	calibrate2
461	1555795742486	-0.259	-0.734	9.847	calibrate2
462	1555795742490	-0.269	-0.75	9.83	calibrate2
463	1555795742493	-0.271	-0.755	9.849	calibrate2
464	1555795742494	-0.269	-0.719	9.83	calibrate2
465	1555795742496	-0.24	-0.717	9.801	calibrate2
466	1555795742498	-0.231	-0.71	9.765	calibrate2
467	1555795742503	-0.221	-0.717	9.768	calibrate2
468	1555795742504	-0.204	-0.698	9.813	calibrate2
469	1555795742508	-0.192	-0.698	9.808	calibrate2
470	1555795742509	-0.204	-0.695	9.816	calibrate2
471	1555795742510	-0.202	-0.683	9.844	calibrate2
472	1555795742513	-0.168	-0.659	9.859	calibrate2
473	1555795742517	-0.137	-0.659	9.852	calibrate2
474	1555795742518	-0.13	-0.647	9.875	calibrate2
475	1555795742520	-0.118	-0.628	9.883	calibrate2
476	1555795742523	-0.104	-0.602	9.899	calibrate2
477	1555795742524	-0.087	-0.573	9.904	calibrate2
478	1555795742528	-0.061	-0.542	9.873	calibrate2
479	1555795742530	-0.034	-0.516	9.852	calibrate2
480	1555795742532	-0.008	-0.501	9.849	calibrate2
481	1555795742534	0.009	-0.454	9.816	calibrate2
482	1555795742538	0.023	-0.437	9.806	calibrate2
483	1555795742539	0.054	-0.41	9.813	calibrate2
484	1555795742544	0.047	-0.398	9.804	calibrate2
485	1555795742545	0.078	-0.382	9.775	calibrate2
486	1555795742547	0.071	-0.367	9.727	calibrate2
487	1555795742549	0.073	-0.353	9.729	calibrate2
488	1555795742551	0.061	-0.363	9.691	calibrate2
489	1555795742554	0.081	-0.341	9.653	calibrate2
490	1555795742556	0.064	-0.358	9.595	calibrate2
491	1555795742558	0.081	-0.358	9.545	calibrate2
492	1555795742562	0.069	-0.351	9.531	calibrate2
493	1555795742564	0.061	-0.355	9.502	calibrate2
494	1555795742567	0.052	-0.329	9.457	calibrate2
495	1555795742568	0.052	-0.315	9.418	calibrate2
496	1555795742572	0.03	-0.296	9.411	calibrate2
497	1555795742573	0.035	-0.291	9.401	calibrate2
498	1555795742576	0.021	-0.286	9.399	calibrate2
499	1555795742578	0.03	-0.281	9.385	calibrate2
500	1555795742580	0.03	-0.274	9.399	calibrate2
501	1555795742582	0.013	-0.298	9.435	calibrate2
502	1555795742586	0.037	-0.286	9.48	calibrate2
503	1555795742587	0.052	-0.305	9.528	calibrate2
504	1555795742589	0.078	-0.312	9.552	calibrate2
505	1555795742594	0.102	-0.31	9.629	calibrate2
506	1555795742595	0.136	-0.315	9.634	calibrate2
507	1555795742598	0.152	-0.329	9.672	calibrate2
508	1555795742599	0.21	-0.346	9.698	calibrate2
509	1555795742603	0.246	-0.343	9.705	calibrate2
510	1555795742604	0.286	-0.375	9.682	calibrate2
511	1555795742606	0.31	-0.398	9.672	calibrate2
512	1555795742609	0.356	-0.437	9.674	calibrate2
513	1555795742612	0.349	-0.499	9.655	calibrate2
514	1555795742614	0.368	-0.535	9.705	calibrate2
515	1555795742615	0.344	-0.628	9.732	calibrate2
516	1555795742619	0.289	-0.698	9.744	calibrate2
517	1555795742621	0.246	-0.81	9.782	calibrate2
518	1555795742623	0.183	-0.911	9.847	calibrate2
519	1555795742627	0.119	-0.985	9.909	calibrate2
520	1555795742628	0.061	-1.069	9.957	calibrate2
521	1555795742632	0.004	-1.15	10.029	calibrate2
522	1555795742633	-0.063	-1.212	10.079	calibrate2
523	1555795742635	-0.116	-1.265	10.134	calibrate2
524	1555795742638	-0.19	-1.291	10.187	calibrate2
525	1555795742639	-0.247	-1.303	10.215	calibrate2
526	1555795742643	-0.295	-1.342	10.254	calibrate2
527	1555795742647	-0.317	-1.335	10.292	calibrate2
528	1555795742648	-0.324	-1.327	10.34	calibrate2
529	1555795742649	-0.312	-1.27	10.373	calibrate2
530	1555795742652	-0.281	-1.174	10.39	calibrate2
531	1555795742654	-0.245	-1.112	10.407	calibrate2
532	1555795742656	-0.168	-0.999	10.381	calibrate2
533	1555795742658	-0.066	-0.906	10.352	calibrate2
534	1555795742664	0.025	-0.793	10.29	calibrate2
535	1555795742665	0.119	-0.703	10.22	calibrate2
536	1555795742666	0.203	-0.612	10.141	calibrate2
537	1555795742675	0.267	-0.545	10.117	calibrate2
538	1555795742678	0.339	-0.468	10.11	calibrate2
539	1555795742679	0.401	-0.406	10.043	calibrate2
540	1555795742680	0.435	-0.324	9.995	calibrate2
541	1555795742681	0.464	-0.243	9.952	calibrate2
542	1555795742682	0.514	-0.183	9.89	calibrate2
543	1555795742683	0.535	-0.126	9.849	calibrate2
544	1555795742685	0.526	-0.07	9.806	calibrate2
545	1555795742687	0.535	-0.047	9.806	calibrate2
546	1555795742689	0.543	-0.025	9.758	calibrate2
547	1555795742692	0.492	-0.008	9.794	calibrate2
548	1555795742694	0.468	-0.035	9.799	calibrate2
549	1555795742697	0.437	-0.061	9.832	calibrate2
550	1555795742699	0.404	-0.087	9.84	calibrate2
551	1555795742701	0.37	-0.116	9.89	calibrate2
552	1555795742704	0.337	-0.152	9.928	calibrate2
553	1555795742706	0.313	-0.176	9.962	calibrate2
554	1555795742709	0.286	-0.228	9.986	calibrate2
555	1555795742711	0.26	-0.243	10.029	calibrate2
556	1555795742713	0.224	-0.288	10.065	calibrate2
557	1555795742716	0.152	-0.346	10.132	calibrate2
558	1555795742718	0.104	-0.387	10.172	calibrate2
559	1555795742721	0.057	-0.456	10.244	calibrate2
560	1555795742723	0.037	-0.492	10.342	calibrate2
561	1555795742725	-0.001	-0.523	10.376	calibrate2
562	1555795742728	-0.001	-0.559	10.381	calibrate2
563	1555795742732	-0.01	-0.6	10.409	calibrate2
564	1555795742734	-0.018	-0.643	10.414	calibrate2
565	1555795742735	0.004	-0.691	10.361	calibrate2
566	1555795742739	-0.006	-0.738	10.349	calibrate2
567	1555795742740	-0.006	-0.798	10.311	calibrate2
568	1555795742744	0.009	-0.839	10.256	calibrate2
569	1555795742745	-0.013	-0.88	10.191	calibrate2
570	1555795742747	-0.013	-0.911	10.122	calibrate2
571	1555795742750	-0.046	-0.973	10.112	calibrate2
572	1555795742752	-0.046	-0.98	10.072	calibrate2
573	1555795742754	-0.077	-0.983	10.041	calibrate2
574	1555795742757	-0.066	-0.997	9.99	calibrate2
575	1555795742759	-0.089	-1.004	9.959	calibrate2
576	1555795742761	-0.094	-0.997	9.938	calibrate2
577	1555795742764	-0.087	-0.973	9.887	calibrate2
578	1555795742766	-0.07	-0.952	9.863	calibrate2
579	1555795742769	-0.075	-0.942	9.823	calibrate2
580	1555795742771	-0.061	-0.911	9.796	calibrate2
581	1555795742774	-0.037	-0.856	9.777	calibrate2
582	1555795742776	-0.027	-0.829	9.756	calibrate2
583	1555795742778	-0.015	-0.81	9.729	calibrate2
584	1555795742781	0.009	-0.796	9.725	calibrate2
585	1555795742783	0.03	-0.796	9.734	calibrate2
586	1555795742786	0.042	-0.796	9.784	calibrate2
587	1555795742788	0.052	-0.793	9.789	calibrate2
588	1555795742790	0.059	-0.789	9.811	calibrate2
589	1555795742793	0.059	-0.774	9.83	calibrate2
590	1555795742795	0.078	-0.76	9.861	calibrate2
591	1555795742798	0.092	-0.765	9.875	calibrate2
592	1555795742802	0.085	-0.734	9.892	calibrate2
593	1555795742803	0.109	-0.705	9.887	calibrate2
594	1555795742805	0.114	-0.683	9.926	calibrate2
595	1555795742807	0.085	-0.659	9.935	calibrate2
596	1555795742809	0.061	-0.655	9.931	calibrate2
597	1555795742813	0.069	-0.645	9.969	calibrate2
598	1555795742814	0.049	-0.621	9.933	calibrate2
599	1555795742817	0.033	-0.635	9.907	calibrate2
600	1555795742820	0.04	-0.626	9.902	calibrate2
601	1555795742822	0.035	-0.631	9.873	calibrate2
602	1555795742823	0.011	-0.647	9.856	calibrate2
603	1555795742826	0.018	-0.683	9.818	calibrate2
604	1555795742829	0.021	-0.691	9.796	calibrate2
605	1555795742831	-0.003	-0.719	9.782	calibrate2
606	1555795742833	0.004	-0.731	9.758	calibrate2
607	1555795742837	0.002	-0.731	9.744	calibrate2
608	1555795742839	-0.001	-0.731	9.741	calibrate2
609	1555795742841	0.004	-0.71	9.737	calibrate2
610	1555795742843	0.016	-0.726	9.717	calibrate2
611	1555795742846	0.021	-0.714	9.732	calibrate2
612	1555795742848	0.028	-0.719	9.722	calibrate2
613	1555795742850	0.04	-0.731	9.729	calibrate2
614	1555795742855	0.023	-0.724	9.744	calibrate2
615	1555795742856	0.021	-0.714	9.753	calibrate2
616	1555795742858	0.004	-0.746	9.765	calibrate2
617	1555795742859	-0.001	-0.724	9.773	calibrate2
618	1555795742862	-0.001	-0.693	9.78	calibrate2
619	1555795742864	-0.027	-0.714	9.799	calibrate2
620	1555795742867	-0.046	-0.688	9.82	calibrate2
621	1555795742869	-0.056	-0.695	9.804	calibrate2
622	1555795742872	-0.097	-0.703	9.78	calibrate2
623	1555795742875	-0.111	-0.712	9.751	calibrate2
624	1555795742877	-0.135	-0.753	9.761	calibrate2
625	1555795742879	-0.157	-0.746	9.737	calibrate2
626	1555795742882	-0.147	-0.758	9.725	calibrate2
627	1555795742884	-0.178	-0.784	9.722	calibrate2
628	1555795742886	-0.168	-0.782	9.727	calibrate2
629	1555795742890	-0.161	-0.801	9.751	calibrate2
630	1555795742891	-0.164	-0.825	9.758	calibrate2
631	1555795742894	-0.145	-0.801	9.756	calibrate2
632	1555795742896	-0.147	-0.829	9.744	calibrate2
633	1555795742898	-0.109	-0.837	9.739	calibrate2
634	1555795742903	-0.104	-0.82	9.727	calibrate2
635	1555795742905	-0.073	-0.803	9.737	calibrate2
636	1555795742906	-0.066	-0.791	9.739	calibrate2
637	1555795742908	-0.032	-0.75	9.758	calibrate2
638	1555795742909	-0.03	-0.734	9.746	calibrate2
639	1555795742913	-0.003	-0.729	9.761	calibrate2
640	1555795742915	0.013	-0.683	9.765	calibrate2
641	1555795742918	0.028	-0.64	9.77	calibrate2
642	1555795742922	0.018	-0.576	9.787	calibrate2
643	1555795742923	0.028	-0.564	9.82	calibrate2
644	1555795742924	0.025	-0.559	9.863	calibrate2
645	1555795742928	0.011	-0.537	9.914	calibrate2
646	1555795742929	0.03	-0.542	9.923	calibrate2
647	1555795742932	0.059	-0.561	9.94	calibrate2
648	1555795742935	0.083	-0.564	9.986	calibrate2
649	1555795742936	0.069	-0.604	9.988	calibrate2
650	1555795742939	0.085	-0.621	10.012	calibrate2
651	1555795742941	0.088	-0.662	10.007	calibrate2
652	1555795742944	0.081	-0.676	10.01	calibrate2
653	1555795742946	0.073	-0.686	10	calibrate2
654	1555795742948	0.052	-0.729	9.99	calibrate2
655	1555795742952	0.028	-0.767	9.966	calibrate2
656	1555795742958	-0.001	-0.786	9.919	calibrate2
657	1555795742959	-0.039	-0.77	9.914	calibrate2
658	1555795742960	-0.042	-0.789	9.909	calibrate2
659	1555795742962	-0.08	-0.81	9.94	calibrate2
660	1555795742963	-0.07	-0.805	9.986	calibrate2
661	1555795742969	-0.104	-0.827	10.045	calibrate2
662	1555795742970	-0.097	-0.839	10.081	calibrate2
663	1555795742971	-0.104	-0.817	10.115	calibrate2
664	1555795742972	-0.111	-0.837	10.129	calibrate2
665	1555795742974	-0.128	-0.82	10.117	calibrate2
666	1555795742976	-0.128	-0.853	10.139	calibrate2
667	1555795742979	-0.137	-0.858	10.129	calibrate2
668	1555795742981	-0.152	-0.853	10.134	calibrate2
669	1555795742984	-0.157	-0.844	10.098	calibrate2
670	1555795742992	-0.173	-0.839	10.112	calibrate2
671	1555795742993	-0.157	-0.805	10.089	calibrate2
672	1555795742994	-0.161	-0.81	10.057	calibrate2
673	1555795742995	-0.14	-0.784	10.029	calibrate2
674	1555795742996	-0.147	-0.741	10.026	calibrate2
675	1555795742998	-0.137	-0.743	10.014	calibrate2
676	1555795743006	-0.113	-0.75	10.007	calibrate2
677	1555795743007	-0.113	-0.748	9.988	calibrate2
678	1555795743031	-0.135	-0.726	9.976	calibrate2
679	1555795743032	-0.13	-0.741	9.95	calibrate2
680	1555795743033	-0.121	-0.772	9.938	calibrate2
681	1555795743034	-0.157	-0.748	9.907	calibrate2
682	1555795743035	-0.142	-0.796	9.904	calibrate2
683	1555795743036	-0.164	-0.825	9.904	calibrate2
684	1555795743037	-0.178	-0.839	9.89	calibrate2
685	1555795743038	-0.219	-0.87	9.919	calibrate2
686	1555795743039	-0.221	-0.894	9.907	calibrate2
687	1555795743040	-0.233	-0.93	9.919	calibrate2
688	1555795743041	-0.262	-0.961	9.928	calibrate2
689	1555795743042	-0.279	-0.98	9.957	calibrate2
690	1555795743043	-0.293	-0.99	10.002	calibrate2
691	1555795743044	-0.317	-0.978	10.029	calibrate2
692	1555795743045	-0.329	-0.966	10.024	calibrate2
693	1555795743046	-0.353	-0.952	10.101	calibrate2
694	1555795743047	-0.346	-0.932	10.134	calibrate2
695	1555795743048	-0.312	-0.918	10.141	calibrate2
696	1555795743049	-0.281	-0.887	10.16	calibrate2
697	1555795743050	-0.252	-0.863	10.17	calibrate2
698	1555795743053	-0.2	-0.829	10.17	calibrate2
699	1555795743055	-0.154	-0.817	10.132	calibrate2
700	1555795743057	-0.085	-0.817	10.065	calibrate2
701	1555795743060	-0.032	-0.779	10.019	calibrate2
702	1555795743062	0.023	-0.774	9.964	calibrate2
703	1555795743065	0.083	-0.743	9.902	calibrate2
704	1555795743067	0.112	-0.71	9.871	calibrate2
705	1555795743070	0.124	-0.717	9.806	calibrate2
706	1555795743072	0.145	-0.683	9.808	calibrate2
707	1555795743075	0.157	-0.686	9.794	calibrate2
708	1555795743076	0.14	-0.683	9.789	calibrate2
709	1555795743079	0.126	-0.664	9.773	calibrate2
710	1555795743083	0.121	-0.683	9.768	calibrate2
711	1555795743085	0.083	-0.693	9.775	calibrate2
712	1555795743087	0.04	-0.693	9.756	calibrate2
713	1555795743089	0.006	-0.679	9.739	calibrate2
714	1555795743092	0.002	-0.681	9.725	calibrate2
715	1555795743094	-0.02	-0.674	9.725	calibrate2
716	1555795743096	-0.054	-0.676	9.725	calibrate2
717	1555795743098	-0.087	-0.691	9.734	calibrate2
718	1555795743101	-0.097	-0.7	9.713	calibrate2
719	1555795743103	-0.137	-0.669	9.722	calibrate2
720	1555795743107	-0.135	-0.676	9.739	calibrate2
721	1555795743108	-0.149	-0.659	9.739	calibrate2
722	1555795743111	-0.147	-0.657	9.717	calibrate2
723	1555795743113	-0.166	-0.655	9.751	calibrate2
724	1555795743115	-0.19	-0.64	9.765	calibrate2
725	1555795743117	-0.19	-0.643	9.758	calibrate2
726	1555795743120	-0.185	-0.619	9.78	calibrate2
727	1555795743123	-0.19	-0.624	9.83	calibrate2
728	1555795743125	-0.173	-0.624	9.808	calibrate2
729	1555795743127	-0.166	-0.631	9.82	calibrate2
730	1555795743130	-0.168	-0.631	9.818	calibrate2
731	1555795743132	-0.147	-0.669	9.818	calibrate2
732	1555795743134	-0.159	-0.671	9.804	calibrate2
733	1555795743137	-0.152	-0.671	9.789	calibrate2
734	1555795743141	-0.161	-0.724	9.763	calibrate2
735	1555795743142	-0.166	-0.75	9.77	calibrate2
736	1555795743145	-0.168	-0.734	9.784	calibrate2
737	1555795743146	-0.171	-0.784	9.765	calibrate2
738	1555795743149	-0.14	-0.772	9.765	calibrate2
739	1555795743153	-0.166	-0.762	9.775	calibrate2
740	1555795743154	-0.14	-0.77	9.794	calibrate2
741	1555795743156	-0.154	-0.748	9.773	calibrate2
742	1555795743161	-0.145	-0.782	9.83	calibrate2
743	1555795743162	-0.145	-0.793	9.847	calibrate2
744	1555795743164	-0.157	-0.81	9.899	calibrate2
745	1555795743165	-0.19	-0.875	9.952	calibrate2
746	1555795743170	-0.202	-0.887	9.969	calibrate2
747	1555795743171	-0.216	-0.887	10.036	calibrate2
748	1555795743174	-0.233	-0.87	10.062	calibrate2
749	1555795743175	-0.204	-0.884	10.115	calibrate2
750	1555795743179	-0.202	-0.88	10.156	calibrate2
751	1555795743180	-0.154	-0.88	10.23	calibrate2
752	1555795743183	-0.128	-0.853	10.242	calibrate2
753	1555795743185	-0.113	-0.846	10.297	calibrate2
754	1555795743187	-0.058	-0.815	10.304	calibrate2
755	1555795743191	-0.042	-0.81	10.352	calibrate2
756	1555795743193	-0.018	-0.784	10.39	calibrate2
757	1555795743194	0.006	-0.731	10.409	calibrate2
758	1555795743198	0.069	-0.681	10.405	calibrate2
759	1555795743199	0.095	-0.655	10.39	calibrate2
760	1555795743203	0.152	-0.588	10.4	calibrate2
761	1555795743205	0.176	-0.549	10.369	calibrate2
762	1555795743206	0.183	-0.506	10.354	calibrate2
763	1555795743209	0.2	-0.446	10.302	calibrate2
764	1555795743211	0.234	-0.427	10.285	calibrate2
765	1555795743213	0.25	-0.379	10.237	calibrate2
766	1555795743216	0.255	-0.315	10.191	calibrate2
767	1555795743218	0.26	-0.31	10.117	calibrate2
768	1555795743224	0.298	-0.281	10.06	calibrate2
769	1555795743225	0.267	-0.25	10.01	calibrate2
770	1555795743228	0.274	-0.24	9.911	calibrate2
771	1555795743229	0.253	-0.214	9.84	calibrate2
772	1555795743230	0.234	-0.221	9.765	calibrate2
773	1555795743233	0.207	-0.197	9.674	calibrate2
774	1555795743237	0.181	-0.195	9.636	calibrate2
775	1555795743238	0.162	-0.212	9.555	calibrate2
776	1555795743240	0.133	-0.185	9.526	calibrate2
777	1555795743242	0.109	-0.176	9.473	calibrate2
778	1555795743244	0.088	-0.159	9.447	calibrate2
779	1555795743247	0.097	-0.164	9.466	calibrate2
780	1555795743249	0.078	-0.142	9.433	calibrate2
781	1555795743251	0.069	-0.159	9.449	calibrate2
782	1555795743254	0.052	-0.166	9.445	calibrate2
783	1555795743256	0.037	-0.159	9.447	calibrate2
784	1555795743259	0.006	-0.161	9.454	calibrate2
785	1555795743261	0.006	-0.185	9.447	calibrate2
786	1555795743264	-0.001	-0.209	9.452	calibrate2
787	1555795743266	-0.013	-0.209	9.452	calibrate2
788	1555795743269	-0.008	-0.226	9.433	calibrate2
789	1555795743270	0.002	-0.231	9.425	calibrate2
790	1555795743273	0.018	-0.233	9.421	calibrate2
791	1555795743276	0.042	-0.209	9.43	calibrate2
792	1555795743278	0.081	-0.202	9.435	calibrate2
793	1555795743280	0.083	-0.219	9.468	calibrate2
794	1555795743283	0.116	-0.159	9.473	calibrate2
795	1555795743285	0.112	-0.176	9.516	calibrate2
796	1555795743288	0.119	-0.152	9.562	calibrate2
797	1555795743290	0.112	-0.154	9.615	calibrate2
798	1555795743294	0.138	-0.145	9.653	calibrate2
799	1555795743295	0.162	-0.142	9.715	calibrate2
800	1555795743298	0.212	-0.114	9.768	calibrate2
801	1555795743300	0.234	-0.128	9.818	calibrate2
802	1555795743302	0.272	-0.126	9.873	calibrate2
803	1555795743304	0.282	-0.121	9.916	calibrate2
804	1555795743308	0.313	-0.123	9.995	calibrate2
805	1555795743309	0.334	-0.123	10.017	calibrate2
806	1555795743314	0.349	-0.135	10.043	calibrate2
807	1555795743315	0.344	-0.118	10.06	calibrate2
808	1555795743318	0.32	-0.116	10.057	calibrate2
809	1555795743319	0.313	-0.14	10.06	calibrate2
810	1555795743322	0.289	-0.142	10.081	calibrate2
811	1555795743324	0.282	-0.157	10.089	calibrate2
812	1555795743325	0.274	-0.171	10.074	calibrate2
813	1555795743330	0.246	-0.197	10.06	calibrate2
814	1555795743331	0.25	-0.207	10.038	calibrate2
815	1555795743333	0.243	-0.224	10.014	calibrate2
816	1555795743338	0.219	-0.243	10.012	calibrate2
817	1555795743339	0.21	-0.248	9.974	calibrate2
818	1555795743341	0.16	-0.276	9.981	calibrate2
819	1555795743344	0.169	-0.288	9.971	calibrate2
820	1555795743345	0.143	-0.281	9.945	calibrate2
821	1555795743347	0.138	-0.284	9.928	calibrate2
822	1555795743349	0.128	-0.281	9.916	calibrate2
823	1555795743353	0.114	-0.298	9.921	calibrate2
824	1555795743355	0.102	-0.296	9.938	calibrate2
825	1555795743357	0.104	-0.267	9.962	calibrate2
826	1555795743361	0.138	-0.274	9.981	calibrate2
827	1555795743362	0.126	-0.25	10.024	calibrate2
828	1555795743365	0.14	-0.233	10.031	calibrate2
829	1555795743366	0.138	-0.207	10.05	calibrate2
830	1555795743369	0.145	-0.207	10.057	calibrate2
831	1555795743371	0.162	-0.226	10.05	calibrate2
832	1555795743374	0.174	-0.219	10.05	calibrate2
833	1555795743377	0.222	-0.209	10.06	calibrate2
834	1555795743381	0.217	-0.212	10.053	calibrate2
835	1555795743383	0.224	-0.224	10.033	calibrate2
836	1555795743384	0.239	-0.238	10	calibrate2
837	1555795743385	0.25	-0.243	9.971	calibrate2
838	1555795743388	0.239	-0.24	9.921	calibrate2
839	1555795743390	0.224	-0.25	9.895	calibrate2
840	1555795743393	0.203	-0.281	9.842	calibrate2
841	1555795743395	0.169	-0.269	9.813	calibrate2
842	1555795743397	0.126	-0.279	9.756	calibrate2
843	1555795743399	0.104	-0.274	9.727	calibrate2
844	1555795743402	0.09	-0.296	9.686	calibrate2
845	1555795743406	0.069	-0.307	9.648	calibrate2
846	1555795743408	0.047	-0.298	9.622	calibrate2
847	1555795743410	0.035	-0.298	9.583	calibrate2
848	1555795743413	0.016	-0.276	9.574	calibrate2
849	1555795743414	-0.006	-0.291	9.564	calibrate2
850	1555795743417	-0.032	-0.274	9.55	calibrate2
851	1555795743419	-0.032	-0.286	9.564	calibrate2
852	1555795743423	-0.061	-0.307	9.559	calibrate2
853	1555795743424	-0.08	-0.31	9.567	calibrate2
854	1555795743428	-0.051	-0.312	9.559	calibrate2
855	1555795743429	-0.051	-0.317	9.591	calibrate2
856	1555795743433	-0.042	-0.327	9.624	calibrate2
857	1555795743435	-0.044	-0.31	9.67	calibrate2
858	1555795743436	-0.032	-0.319	9.732	calibrate2
859	1555795743439	-0.015	-0.343	9.768	calibrate2
860	1555795743440	-0.025	-0.346	9.825	calibrate2
861	1555795743445	-0.018	-0.353	9.88	calibrate2
862	1555795743446	0.009	-0.363	9.921	calibrate2
863	1555795743450	0.011	-0.377	9.954	calibrate2
864	1555795743451	0.025	-0.425	9.969	calibrate2
865	1555795743454	0.049	-0.418	9.99	calibrate2
866	1555795743456	0.052	-0.442	10.017	calibrate2
867	1555795743457	0.066	-0.454	10.005	calibrate2
868	1555795743461	0.083	-0.437	10.01	calibrate2
869	1555795743462	0.121	-0.427	10.022	calibrate2
870	1555795743465	0.102	-0.427	9.993	calibrate2
871	1555795743467	0.104	-0.418	9.998	calibrate2
872	1555795743470	0.1	-0.427	9.988	calibrate2
873	1555795743472	0.112	-0.408	9.969	calibrate2
874	1555795743474	0.083	-0.389	9.971	calibrate2
875	1555795743477	0.047	-0.422	9.964	calibrate2
876	1555795743479	0.066	-0.384	9.94	calibrate2
877	1555795743482	0.033	-0.403	9.938	calibrate2
878	1555795743484	0.04	-0.415	9.952	calibrate2
879	1555795743488	0.047	-0.42	9.964	calibrate2
880	1555795743489	0.064	-0.449	9.974	calibrate2
881	1555795743491	0.049	-0.475	9.998	calibrate2
882	1555795743494	0.037	-0.477	10.048	calibrate2
883	1555795743497	0.054	-0.482	10.069	calibrate2
884	1555795743498	0.069	-0.516	10.067	calibrate2
885	1555795743502	0.052	-0.511	10.079	calibrate2
886	1555795743503	0.047	-0.509	10.067	calibrate2
887	1555795743507	0.028	-0.545	10.048	calibrate2
888	1555795743509	0.03	-0.533	10.031	calibrate2
889	1555795743510	-0.013	-0.547	10.002	calibrate2
890	1555795743514	0.002	-0.516	9.969	calibrate2
891	1555795743515	-0.025	-0.53	9.962	calibrate2
892	1555795743518	-0.039	-0.518	9.959	calibrate2
893	1555795743519	-0.056	-0.521	9.95	calibrate2
894	1555795743523	-0.085	-0.525	9.95	calibrate2
895	1555795743525	-0.073	-0.518	9.962	calibrate2
896	1555795743527	-0.092	-0.542	9.95	calibrate2
897	1555795743529	-0.07	-0.535	9.914	calibrate2
898	1555795743532	-0.073	-0.54	9.887	calibrate2
899	1555795743533	-0.049	-0.54	9.907	calibrate2
900	1555795743538	-0.061	-0.499	9.866	calibrate2
901	1555795743539	-0.056	-0.492	9.895	calibrate2
902	1555795743541	-0.068	-0.475	9.885	calibrate2
903	1555795743544	-0.037	-0.48	9.895	calibrate2
904	1555795743547	-0.025	-0.461	9.911	calibrate2
905	1555795743548	-0.039	-0.47	9.914	calibrate2
906	1555795743551	-0.013	-0.458	9.885	calibrate2
907	1555795743553	-0.025	-0.451	9.88	calibrate2
908	1555795743556	0.002	-0.458	9.883	calibrate2
909	1555795743557	-0.03	-0.427	9.84	calibrate2
910	1555795743562	-0.018	-0.451	9.828	calibrate2
911	1555795743563	-0.037	-0.449	9.82	calibrate2
912	1555795743567	-0.042	-0.437	9.804	calibrate2
913	1555795743568	-0.056	-0.451	9.823	calibrate2
914	1555795743570	-0.063	-0.432	9.83	calibrate2
915	1555795743572	-0.063	-0.466	9.859	calibrate2
916	1555795743575	-0.077	-0.468	9.878	calibrate2
917	1555795743577	-0.054	-0.482	9.892	calibrate2
918	1555795743580	-0.058	-0.489	9.919	calibrate2
919	1555795743584	-0.054	-0.506	9.887	calibrate2
920	1555795743585	-0.058	-0.511	9.875	calibrate2
921	1555795743587	-0.042	-0.516	9.863	calibrate2
922	1555795743589	-0.039	-0.549	9.835	calibrate2
923	1555795743592	-0.022	-0.552	9.784	calibrate2
924	1555795743594	-0.039	-0.564	9.746	calibrate2
925	1555795743596	-0.037	-0.573	9.694	calibrate2
926	1555795743598	-0.07	-0.559	9.648	calibrate2
927	1555795743601	-0.094	-0.566	9.619	calibrate2
928	1555795743605	-0.113	-0.561	9.593	calibrate2
929	1555795743606	-0.118	-0.542	9.567	calibrate2
930	1555795743609	-0.161	-0.523	9.54	calibrate2
931	1555795743610	-0.161	-0.494	9.552	calibrate2
932	1555795743613	-0.173	-0.463	9.571	calibrate2
933	1555795743616	-0.168	-0.449	9.555	calibrate2
934	1555795743618	-0.164	-0.406	9.54	calibrate2
935	1555795743620	-0.157	-0.394	9.562	calibrate2
936	1555795743624	-0.14	-0.389	9.545	calibrate2
937	1555795743627	-0.116	-0.37	9.571	calibrate2
938	1555795743628	-0.087	-0.377	9.595	calibrate2
939	1555795743630	-0.087	-0.396	9.636	calibrate2
940	1555795743632	-0.051	-0.408	9.679	calibrate2
941	1555795743636	-0.054	-0.43	9.739	calibrate2
942	1555795743637	-0.039	-0.442	9.775	calibrate2
943	1555795743639	-0.022	-0.458	9.823	calibrate2
944	1555795743642	-0.039	-0.482	9.871	calibrate2
945	1555795743644	-0.003	-0.466	9.919	calibrate2
946	1555795743646	-0.027	-0.489	9.94	calibrate2
947	1555795743649	-0.056	-0.504	9.962	calibrate2
948	1555795743652	-0.085	-0.521	10.017	calibrate2
949	1555795743656	-0.099	-0.545	10.019	calibrate2
950	1555795743657	-0.13	-0.578	10.038	calibrate2
951	1555795743658	-0.123	-0.58	10.065	calibrate2
952	1555795743661	-0.164	-0.592	10.098	calibrate2
953	1555795743663	-0.18	-0.614	10.101	calibrate2
954	1555795743666	-0.192	-0.619	10.103	calibrate2
955	1555795743667	-0.18	-0.645	10.096	calibrate2
956	1555795743672	-0.19	-0.64	10.079	calibrate2
957	1555795743674	-0.188	-0.621	10.074	calibrate2
958	1555795743675	-0.185	-0.638	10.057	calibrate2
959	1555795743678	-0.18	-0.59	10.081	calibrate2
960	1555795743681	-0.178	-0.559	10.074	calibrate2
961	1555795743682	-0.142	-0.528	10.057	calibrate2
962	1555795743685	-0.128	-0.487	10.053	calibrate2
963	1555795743687	-0.111	-0.454	10.041	calibrate2
964	1555795743690	-0.089	-0.415	10.045	calibrate2
965	1555795743692	-0.08	-0.375	10.043	calibrate2
966	1555795743694	-0.051	-0.334	10.038	calibrate2
967	1555795743701	-0.037	-0.298	10.057	calibrate2
968	1555795743704	-0.01	-0.276	10.05	calibrate2
969	1555795743705	0.004	-0.257	10.045	calibrate2
970	1555795743706	0.037	-0.25	10.043	calibrate2
971	1555795743707	0.073	-0.228	10.043	calibrate2
972	1555795743708	0.083	-0.267	10.024	calibrate2
973	1555795743711	0.107	-0.262	10.005	calibrate2
974	1555795743713	0.112	-0.264	10.031	calibrate2
975	1555795743715	0.15	-0.274	10.005	calibrate2
976	1555795743720	0.15	-0.279	9.988	calibrate2
977	1555795743721	0.167	-0.279	9.974	calibrate2
978	1555795743722	0.188	-0.281	9.952	calibrate2
979	1555795743728	0.179	-0.298	9.957	calibrate2
980	1555795743729	0.191	-0.305	9.926	calibrate2
981	1555795743733	0.191	-0.322	9.895	calibrate2
982	1555795743734	0.191	-0.312	9.859	calibrate2
983	1555795743735	0.155	-0.305	9.83	calibrate2
984	1555795743738	0.136	-0.303	9.792	calibrate2
985	1555795743740	0.116	-0.315	9.77	calibrate2
986	1555795743742	0.092	-0.312	9.756	calibrate2
987	1555795743745	0.064	-0.288	9.739	calibrate2
988	1555795743746	0.052	-0.296	9.727	calibrate2
989	1555795743751	0.037	-0.269	9.713	calibrate2
990	1555795743753	0.054	-0.274	9.72	calibrate2
991	1555795743754	0.045	-0.257	9.749	calibrate2
992	1555795743757	0.045	-0.255	9.727	calibrate2
993	1555795743760	0.069	-0.252	9.734	calibrate2
994	1555795743761	0.085	-0.228	9.768	calibrate2
995	1555795743763	0.1	-0.262	9.775	calibrate2
996	1555795743766	0.124	-0.293	9.775	calibrate2
997	1555795743768	0.138	-0.296	9.775	calibrate2
998	1555795743771	0.176	-0.315	9.789	calibrate2
999	1555795743773	0.186	-0.327	9.765	calibrate2
1000	1555795743775	0.183	-0.348	9.775	calibrate2
1001	1555795743778	0.21	-0.329	9.768	calibrate2
1002	1555795743780	0.21	-0.339	9.777	calibrate2
1003	1555795743783	0.2	-0.329	9.768	calibrate2
1004	1555795743786	0.181	-0.303	9.758	calibrate2
1005	1555795743787	0.164	-0.293	9.761	calibrate2
1006	1555795743790	0.152	-0.272	9.796	calibrate2
1007	1555795743792	0.136	-0.276	9.811	calibrate2
1008	1555795743795	0.133	-0.255	9.835	calibrate2
1009	1555795743797	0.121	-0.243	9.849	calibrate2
1010	1555795743799	0.121	-0.236	9.883	calibrate2
1011	1555795743802	0.095	-0.231	9.895	calibrate2
1012	1555795743804	0.088	-0.219	9.911	calibrate2
1013	1555795743806	0.069	-0.238	9.943	calibrate2
1014	1555795743814	0.061	-0.25	9.943	calibrate2
1015	1555795743816	0.061	-0.293	9.938	calibrate2
1016	1555795743818	0.064	-0.293	9.923	calibrate2
1017	1555795743820	0.064	-0.317	9.899	calibrate2
1018	1555795743821	0.059	-0.307	9.907	calibrate2
1019	1555795743822	0.057	-0.334	9.933	calibrate2
1020	1555795743823	0.076	-0.339	9.916	calibrate2
1021	1555795743825	0.078	-0.341	9.947	calibrate2
1022	1555795743831	0.073	-0.358	9.959	calibrate2
1023	1555795743833	0.078	-0.341	9.998	calibrate2
1024	1555795743834	0.083	-0.343	10.026	calibrate2
1025	1555795743835	0.09	-0.341	10.045	calibrate2
1026	1555795743842	0.095	-0.331	10.033	calibrate2
1027	1555795743845	0.073	-0.341	10.048	calibrate2
1028	1555795743847	0.095	-0.348	10.019	calibrate2
1029	1555795743848	0.078	-0.341	10.01	calibrate2
1030	1555795743849	0.071	-0.353	9.974	calibrate2
1031	1555795743850	0.047	-0.339	9.943	calibrate2
1032	1555795743853	0.04	-0.367	9.911	calibrate2
1033	1555795743856	0.052	-0.365	9.866	calibrate2
1034	1555795743857	0.009	-0.353	9.818	calibrate2
1035	1555795743861	-0.01	-0.372	9.794	calibrate2
1036	1555795743862	-0.032	-0.377	9.765	calibrate2
1037	1555795743864	-0.054	-0.394	9.722	calibrate2
1038	1555795743867	-0.089	-0.41	9.658	calibrate2
1039	1555795743869	-0.094	-0.415	9.643	calibrate2
1040	1555795743872	-0.116	-0.432	9.641	calibrate2
1041	1555795743873	-0.147	-0.468	9.634	calibrate2
1042	1555795743877	-0.176	-0.463	9.626	calibrate2
1043	1555795743879	-0.173	-0.461	9.648	calibrate2
1044	1555795743882	-0.202	-0.458	9.672	calibrate2
1045	1555795743883	-0.226	-0.497	9.708	calibrate2
1046	1555795743886	-0.202	-0.499	9.737	calibrate2
1047	1555795743888	-0.216	-0.477	9.763	calibrate2
1048	1555795743893	-0.247	-0.518	9.794	calibrate2
1049	1555795743894	-0.209	-0.506	9.813	calibrate2
1050	1555795743897	-0.183	-0.487	9.849	calibrate2
1051	1555795743898	-0.214	-0.485	9.875	calibrate2
1052	1555795743899	-0.173	-0.475	9.945	calibrate2
1053	1555795743903	-0.137	-0.43	9.952	calibrate2
1054	1555795743906	-0.13	-0.425	9.971	calibrate2
1055	1555795743907	-0.118	-0.43	9.976	calibrate2
1056	1555795743911	-0.111	-0.42	9.971	calibrate2
1057	1555795743913	-0.097	-0.425	9.957	calibrate2
1058	1555795743916	-0.109	-0.427	9.95	calibrate2
1059	1555795743917	-0.092	-0.444	9.943	calibrate2
1060	1555795743919	-0.077	-0.437	9.938	calibrate2
1061	1555795743923	-0.077	-0.461	9.94	calibrate2
1062	1555795743924	-0.101	-0.485	9.931	calibrate2
1063	1555795743927	-0.099	-0.47	9.952	calibrate2
1064	1555795743929	-0.104	-0.492	9.976	calibrate2
1065	1555795743931	-0.123	-0.489	9.981	calibrate2
1066	1555795743933	-0.142	-0.492	9.99	calibrate2
1067	1555795743936	-0.133	-0.497	10.002	calibrate2
1068	1555795743938	-0.149	-0.501	10	calibrate2
1069	1555795743941	-0.159	-0.492	10	calibrate2
1070	1555795743942	-0.18	-0.506	10	calibrate2
1071	1555795743946	-0.204	-0.482	9.99	calibrate2
1072	1555795743948	-0.216	-0.47	10.005	calibrate2
1073	1555795743950	-0.209	-0.434	9.976	calibrate2
1074	1555795743954	-0.204	-0.42	9.993	calibrate2
1075	1555795743955	-0.209	-0.396	10.029	calibrate2
1076	1555795743957	-0.188	-0.375	10.017	calibrate2
1077	1555795743960	-0.149	-0.353	10.048	calibrate2
1078	1555795743962	-0.106	-0.324	10.067	calibrate2
1079	1555795743965	-0.08	-0.312	10.11	calibrate2
1080	1555795743966	-0.03	-0.298	10.098	calibrate2
1081	1555795743969	0.028	-0.264	10.108	calibrate2
1082	1555795743971	0.045	-0.238	10.101	calibrate2
1083	1555795743973	0.114	-0.209	10.077	calibrate2
1084	1555795743976	0.155	-0.205	10.072	calibrate2
1085	1555795743978	0.171	-0.181	10.069	calibrate2
1086	1555795743982	0.183	-0.135	10.057	calibrate2
1087	1555795743984	0.193	-0.145	10.038	calibrate2
1088	1555795743986	0.215	-0.14	10.036	calibrate2
1089	1555795743988	0.191	-0.14	10.019	calibrate2
1090	1555795743993	0.21	-0.123	10	calibrate2
1091	1555795743994	0.171	-0.133	9.983	calibrate2
1092	1555795743995	0.155	-0.157	9.947	calibrate2
1093	1555795743998	0.15	-0.152	9.94	calibrate2
1094	1555795744001	0.131	-0.185	9.935	calibrate2
1095	1555795744003	0.069	-0.197	9.916	calibrate2
1096	1555795744005	0.037	-0.236	9.931	calibrate2
1097	1555795744007	0.021	-0.291	9.926	calibrate2
1098	1555795744012	0.006	-0.327	9.933	calibrate2
1099	1555795744016	-0.061	-0.36	9.938	calibrate2
1100	1555795744017	-0.075	-0.389	9.935	calibrate2
1101	1555795744019	-0.099	-0.41	9.916	calibrate2
1102	1555795744020	-0.111	-0.439	9.914	calibrate2
1103	1555795744022	-0.13	-0.434	9.919	calibrate2
1104	1555795744024	-0.14	-0.442	9.885	calibrate2
1105	1555795744026	-0.14	-0.42	9.904	calibrate2
1106	1555795744028	-0.145	-0.41	9.916	calibrate2
1107	1555795744032	-0.159	-0.382	9.885	calibrate2
1108	1555795744033	-0.166	-0.398	9.892	calibrate2
1109	1555795744036	-0.157	-0.36	9.892	calibrate2
1110	1555795744038	-0.142	-0.343	9.897	calibrate2
1111	1555795744041	-0.135	-0.339	9.875	calibrate2
1112	1555795744044	-0.121	-0.336	9.887	calibrate2
1113	1555795744045	-0.123	-0.317	9.868	calibrate2
1114	1555795744048	-0.092	-0.291	9.875	calibrate2
1115	1555795744050	-0.106	-0.303	9.885	calibrate2
1116	1555795744053	-0.094	-0.317	9.904	calibrate2
1117	1555795744055	-0.075	-0.264	9.923	calibrate2
1118	1555795744057	-0.058	-0.276	9.921	calibrate2
1119	1555795744060	-0.073	-0.26	9.907	calibrate2
1120	1555795744063	-0.07	-0.274	9.89	calibrate2
1121	1555795744065	-0.075	-0.279	9.89	calibrate2
1122	1555795744067	-0.082	-0.284	9.856	calibrate2
1123	1555795744069	-0.104	-0.296	9.84	calibrate2
1124	1555795744072	-0.104	-0.315	9.828	calibrate2
1125	1555795744074	-0.097	-0.329	9.801	calibrate2
1126	1555795744076	-0.133	-0.322	9.799	calibrate2
1127	1555795744082	-0.152	-0.329	9.816	calibrate2
1128	1555795744083	-0.168	-0.329	9.801	calibrate2
1129	1555795744084	-0.19	-0.341	9.835	calibrate2
1130	1555795744086	-0.216	-0.36	9.828	calibrate2
1131	1555795744088	-0.247	-0.382	9.828	calibrate2
1132	1555795744093	-0.25	-0.379	9.856	calibrate2
1133	1555795744094	-0.233	-0.379	9.866	calibrate2
1134	1555795744098	-0.238	-0.377	9.861	calibrate2
1135	1555795744099	-0.25	-0.396	9.89	calibrate2
1136	1555795744101	-0.233	-0.427	9.907	calibrate2
1137	1555795744103	-0.259	-0.439	9.943	calibrate2
1138	1555795744106	-0.262	-0.48	9.916	calibrate2
1139	1555795744107	-0.264	-0.499	9.911	calibrate2
1140	1555795744112	-0.259	-0.518	9.926	calibrate2
1141	1555795744113	-0.252	-0.518	9.904	calibrate2
1142	1555795744115	-0.247	-0.533	9.897	calibrate2
1143	1555795744117	-0.259	-0.564	9.904	calibrate2
1144	1555795744122	-0.259	-0.59	9.866	calibrate2
1145	1555795744123	-0.262	-0.592	9.856	calibrate2
1146	1555795744125	-0.307	-0.614	9.883	calibrate2
1147	1555795744127	-0.312	-0.647	9.921	calibrate2
1148	1555795744131	-0.324	-0.691	9.962	calibrate2
1149	1555795744132	-0.35	-0.698	9.974	calibrate2
1150	1555795744134	-0.331	-0.705	10.029	calibrate2
1151	1555795744136	-0.35	-0.722	10.05	calibrate2
1152	1555795744142	-0.322	-0.707	10.093	calibrate2
1153	1555795744143	-0.307	-0.681	10.105	calibrate2
1154	1555795744144	-0.295	-0.664	10.132	calibrate2
1155	1555795744148	-0.293	-0.655	10.144	calibrate2
1156	1555795744149	-0.281	-0.667	10.151	calibrate2
1157	1555795744151	-0.269	-0.662	10.105	calibrate2
1158	1555795744153	-0.231	-0.628	10.079	calibrate2
1159	1555795744156	-0.209	-0.609	10.038	calibrate2
1160	1555795744161	-0.195	-0.573	10.01	calibrate2
1161	1555795744162	-0.192	-0.545	9.962	calibrate2
1162	1555795744163	-0.13	-0.523	9.928	calibrate2
1163	1555795744166	-0.13	-0.516	9.849	calibrate2
1164	1555795744168	-0.128	-0.475	9.811	calibrate2
1165	1555795744170	-0.118	-0.485	9.775	calibrate2
1166	1555795744172	-0.111	-0.477	9.77	calibrate2
1167	1555795744174	-0.104	-0.475	9.794	calibrate2
1168	1555795744179	-0.097	-0.47	9.801	calibrate2
1169	1555795744180	-0.08	-0.434	9.796	calibrate2
1170	1555795744183	-0.058	-0.434	9.818	calibrate2
1171	1555795744185	-0.046	-0.403	9.801	calibrate2
1172	1555795744188	-0.018	-0.422	9.813	calibrate2
1173	1555795744189	0.011	-0.413	9.84	calibrate2
1174	1555795744193	0.023	-0.403	9.863	calibrate2
1175	1555795744194	0.016	-0.415	9.878	calibrate2
1176	1555795744198	0.023	-0.41	9.899	calibrate2
1177	1555795744199	0.03	-0.413	9.904	calibrate2
1178	1555795744202	0.033	-0.394	9.902	calibrate2
1179	1555795744203	0.059	-0.394	9.921	calibrate2
1180	1555795744207	0.033	-0.382	9.959	calibrate2
1181	1555795744209	0.045	-0.382	9.933	calibrate2
1182	1555795744210	0.03	-0.353	9.914	calibrate2
1183	1555795744214	0.042	-0.36	9.907	calibrate2
1184	1555795744217	0.023	-0.367	9.892	calibrate2
1185	1555795744219	0.04	-0.363	9.875	calibrate2
1186	1555795744220	0.069	-0.346	9.861	calibrate2
1187	1555795744222	0.081	-0.377	9.83	calibrate2
1188	1555795744226	0.092	-0.389	9.758	calibrate2
1189	1555795744227	0.083	-0.377	9.761	calibrate2
1190	1555795744230	0.112	-0.375	9.734	calibrate2
1191	1555795744232	0.119	-0.36	9.722	calibrate2
1192	1555795744234	0.119	-0.372	9.72	calibrate2
1193	1555795744237	0.131	-0.377	9.725	calibrate2
1194	1555795744241	0.119	-0.384	9.717	calibrate2
1195	1555795744243	0.145	-0.379	9.72	calibrate2
1196	1555795744244	0.121	-0.367	9.696	calibrate2
1197	1555795744247	0.121	-0.351	9.694	calibrate2
1198	1555795744248	0.085	-0.367	9.643	calibrate2
1199	1555795744253	0.042	-0.391	9.607	calibrate2
1200	1555795744254	0.011	-0.36	9.583	calibrate2
1201	1555795744255	-0.03	-0.367	9.569	calibrate2
1202	1555795744259	-0.07	-0.375	9.528	calibrate2
1203	1555795744261	-0.089	-0.401	9.502	calibrate2
1204	1555795744263	-0.121	-0.406	9.492	calibrate2
1205	1555795744266	-0.159	-0.439	9.526	calibrate2
1206	1555795744268	-0.18	-0.437	9.555	calibrate2
1207	1555795744271	-0.192	-0.458	9.579	calibrate2
1208	1555795744272	-0.2	-0.477	9.605	calibrate2
1209	1555795744277	-0.202	-0.525	9.689	calibrate2
1210	1555795744278	-0.192	-0.549	9.784	calibrate2
1211	1555795744279	-0.18	-0.556	9.899	calibrate2
1212	1555795744284	-0.171	-0.549	10.002	calibrate2
1213	1555795744285	-0.154	-0.583	10.129	calibrate2
1214	1555795744287	-0.145	-0.549	10.213	calibrate2
1215	1555795744289	-0.099	-0.58	10.306	calibrate2
1216	1555795744292	-0.077	-0.6	10.366	calibrate2
1217	1555795744295	-0.063	-0.607	10.424	calibrate2
1218	1555795744296	-0.056	-0.597	10.457	calibrate2
1219	1555795744300	-0.034	-0.621	10.467	calibrate2
1220	1555795744302	-0.03	-0.621	10.491	calibrate2
1221	1555795744303	-0.025	-0.626	10.469	calibrate2
1222	1555795744312	-0.02	-0.602	10.417	calibrate2
1223	1555795744313	-0.003	-0.588	10.395	calibrate2
1224	1555795744315	-0.015	-0.576	10.357	calibrate2
1225	1555795744317	-0.018	-0.554	10.299	calibrate2
1226	1555795744318	-0.042	-0.547	10.227	calibrate2
1227	1555795744319	-0.07	-0.556	10.168	calibrate2
1228	1555795744323	-0.075	-0.521	10.127	calibrate2
1229	1555795744324	-0.087	-0.497	10.091	calibrate2
1230	1555795744325	-0.097	-0.523	10.026	calibrate2
1231	1555795744328	-0.094	-0.509	9.964	calibrate2
1232	1555795744332	-0.099	-0.489	9.916	calibrate2
1233	1555795744333	-0.099	-0.506	9.871	calibrate2
1234	1555795744334	-0.089	-0.487	9.825	calibrate2
1235	1555795744340	-0.056	-0.463	9.792	calibrate2
1236	1555795744341	-0.051	-0.449	9.734	calibrate2
1237	1555795744342	-0.051	-0.418	9.71	calibrate2
1238	1555795744346	-0.063	-0.418	9.674	calibrate2
1239	1555795744347	-0.066	-0.396	9.655	calibrate2
1240	1555795744350	-0.058	-0.391	9.638	calibrate2
1241	1555795744366	-0.068	-0.365	9.603	calibrate2
1242	1555795744367	-0.068	-0.37	9.607	calibrate2
1243	1555795744368	-0.101	-0.355	9.629	calibrate2
1244	1555795744369	-0.082	-0.375	9.629	calibrate2
1245	1555795744370	-0.066	-0.355	9.643	calibrate2
1246	1555795744371	-0.085	-0.389	9.674	calibrate2
1247	1555795744372	-0.042	-0.396	9.694	calibrate2
1248	1555795744373	-0.027	-0.398	9.741	calibrate2
1249	1555795744374	0.002	-0.401	9.777	calibrate2
1250	1555795744375	0.016	-0.415	9.804	calibrate2
1251	1555795744376	0.028	-0.444	9.847	calibrate2
1252	1555795744380	0.057	-0.444	9.871	calibrate2
1253	1555795744381	0.059	-0.485	9.89	calibrate2
1254	1555795744382	0.061	-0.487	9.861	calibrate2
1255	1555795744385	0.078	-0.489	9.885	calibrate2
1256	1555795744387	0.088	-0.509	9.852	calibrate2
1257	1555795744389	0.061	-0.513	9.837	calibrate2
1258	1555795744392	0.083	-0.518	9.832	calibrate2
1259	1555795744394	0.045	-0.523	9.796	calibrate2
1260	1555795744396	0.042	-0.506	9.823	calibrate2
1261	1555795744399	0.016	-0.48	9.796	calibrate2
1262	1555795744401	-0.008	-0.485	9.799	calibrate2
1263	1555795744404	-0.039	-0.458	9.794	calibrate2
1264	1555795744406	-0.034	-0.475	9.775	calibrate2
1265	1555795744409	-0.058	-0.475	9.758	calibrate2
1266	1555795744411	-0.066	-0.497	9.768	calibrate2
1267	1555795744413	-0.068	-0.501	9.761	calibrate2
1268	1555795744416	-0.077	-0.509	9.763	calibrate2
1269	1555795744418	-0.061	-0.509	9.749	calibrate2
1270	1555795744421	-0.022	-0.518	9.765	calibrate2
1271	1555795744423	-0.01	-0.535	9.765	calibrate2
1272	1555795744426	-0.001	-0.516	9.737	calibrate2
1273	1555795744428	0.023	-0.511	9.749	calibrate2
1274	1555795744430	0.028	-0.506	9.737	calibrate2
1275	1555795744433	0.03	-0.513	9.751	calibrate2
1276	1555795744435	0.042	-0.499	9.72	calibrate2
1277	1555795744437	0.045	-0.489	9.739	calibrate2
1278	1555795744440	0.042	-0.473	9.737	calibrate2
1279	1555795744442	0.049	-0.456	9.734	calibrate2
1280	1555795744445	0.052	-0.454	9.732	calibrate2
1281	1555795744447	0.033	-0.442	9.713	calibrate2
1282	1555795744450	0.03	-0.408	9.705	calibrate2
1283	1555795744452	0.045	-0.387	9.717	calibrate2
1284	1555795744454	0.047	-0.363	9.746	calibrate2
1285	1555795744457	0.033	-0.351	9.737	calibrate2
1286	1555795744459	0.049	-0.346	9.787	calibrate2
1287	1555795744461	0.045	-0.358	9.775	calibrate2
1288	1555795744465	0.059	-0.358	9.789	calibrate2
1289	1555795744466	0.028	-0.375	9.806	calibrate2
1290	1555795744469	0.061	-0.403	9.789	calibrate2
1291	1555795744471	0.073	-0.394	9.823	calibrate2
1292	1555795744474	0.081	-0.427	9.813	calibrate2
1293	1555795744475	0.064	-0.422	9.837	calibrate2
1294	1555795744478	0.054	-0.42	9.82	calibrate2
1295	1555795744480	0.061	-0.444	9.813	calibrate2
1296	1555795744483	0.035	-0.394	9.784	calibrate2
1297	1555795744486	0.045	-0.413	9.763	calibrate2
1298	1555795744488	0.016	-0.415	9.729	calibrate2
1299	1555795744493	0.021	-0.389	9.737	calibrate2
1300	1555795744494	0.025	-0.379	9.722	calibrate2
1301	1555795744495	0.03	-0.37	9.703	calibrate2
1302	1555795744498	0.016	-0.346	9.691	calibrate2
1303	1555795744500	0.018	-0.339	9.691	calibrate2
1304	1555795744503	0.021	-0.324	9.705	calibrate2
1305	1555795744505	0.011	-0.315	9.717	calibrate2
1306	1555795744507	0.03	-0.324	9.705	calibrate2
1307	1555795744510	0.021	-0.334	9.703	calibrate2
1308	1555795744512	0.037	-0.327	9.71	calibrate2
1309	1555795744514	0.033	-0.339	9.703	calibrate2
1310	1555795744517	0.025	-0.322	9.698	calibrate2
1311	1555795744519	0.006	-0.358	9.686	calibrate2
1312	1555795744523	-0.013	-0.372	9.713	calibrate2
1313	1555795744524	-0.032	-0.358	9.713	calibrate2
1314	1555795744526	-0.046	-0.358	9.744	calibrate2
1315	1555795744528	-0.087	-0.36	9.737	calibrate2
1316	1555795744530	-0.123	-0.372	9.773	calibrate2
1317	1555795744533	-0.142	-0.365	9.804	calibrate2
1318	1555795744536	-0.18	-0.387	9.852	calibrate2
1319	1555795744539	-0.183	-0.422	9.863	calibrate2
1320	1555795744541	-0.214	-0.413	9.878	calibrate2
1321	1555795744543	-0.207	-0.427	9.921	calibrate2
1322	1555795744548	-0.221	-0.442	9.94	calibrate2
1323	1555795744552	-0.233	-0.485	9.959	calibrate2
1324	1555795744553	-0.24	-0.504	9.983	calibrate2
1325	1555795744556	-0.24	-0.516	10.019	calibrate2
1326	1555795744557	-0.245	-0.559	10.072	calibrate2
1327	1555795744558	-0.233	-0.59	10.16	calibrate2
1328	1555795744563	-0.243	-0.604	10.175	calibrate2
1329	1555795744564	-0.231	-0.592	10.268	calibrate2
1330	1555795744565	-0.221	-0.583	10.278	calibrate2
1331	1555795744567	-0.228	-0.585	10.345	calibrate2
1332	1555795744570	-0.214	-0.549	10.385	calibrate2
1333	1555795744572	-0.212	-0.573	10.402	calibrate2
1334	1555795744574	-0.204	-0.573	10.429	calibrate2
1335	1555795744583	-0.216	-0.576	10.455	calibrate2
1336	1555795744584	-0.176	-0.566	10.462	calibrate2
1337	1555795744586	-0.178	-0.58	10.467	calibrate2
1338	1555795744587	-0.18	-0.566	10.45	calibrate2
1339	1555795744588	-0.197	-0.573	10.438	calibrate2
1340	1555795744589	-0.183	-0.585	10.455	calibrate2
1341	1555795744591	-0.183	-0.616	10.405	calibrate2
1342	1555795744594	-0.168	-0.619	10.383	calibrate2
1343	1555795744596	-0.164	-0.595	10.357	calibrate2
1344	1555795744598	-0.183	-0.633	10.323	calibrate2
1345	1555795744600	-0.207	-0.628	10.294	calibrate2
1346	1555795744603	-0.178	-0.655	10.263	calibrate2
1347	1555795744606	-0.204	-0.645	10.225	calibrate2
1348	1555795744608	-0.212	-0.657	10.208	calibrate2
1349	1555795744609	-0.24	-0.628	10.175	calibrate2
1350	1555795744617	-0.267	-0.624	10.146	calibrate2
1351	1555795744619	-0.269	-0.633	10.141	calibrate2
1352	1555795744621	-0.279	-0.602	10.112	calibrate2
1353	1555795744622	-0.245	-0.58	10.079	calibrate2
1354	1555795744623	-0.247	-0.571	10.086	calibrate2
1355	1555795744624	-0.252	-0.564	10.072	calibrate2
1356	1555795744627	-0.231	-0.523	10.057	calibrate2
1357	1555795744632	-0.2	-0.511	10.014	calibrate2
1358	1555795744633	-0.202	-0.487	9.983	calibrate2
1359	1555795744634	-0.154	-0.449	9.995	calibrate2
1360	1555795744641	-0.183	-0.42	9.983	calibrate2
1361	1555795744644	-0.159	-0.427	9.986	calibrate2
1362	1555795744645	-0.137	-0.382	9.969	calibrate2
1363	1555795744646	-0.13	-0.391	9.94	calibrate2
1364	1555795744647	-0.125	-0.391	9.897	calibrate2
1365	1555795744648	-0.109	-0.375	9.856	calibrate2
1366	1555795744653	-0.094	-0.355	9.813	calibrate2
1367	1555795744654	-0.099	-0.36	9.82	calibrate2
1368	1555795744656	-0.07	-0.37	9.784	calibrate2
1369	1555795744658	-0.077	-0.372	9.756	calibrate2
1370	1555795744661	-0.087	-0.382	9.737	calibrate2
1371	1555795744663	-0.099	-0.379	9.708	calibrate2
1372	1555795744667	-0.097	-0.375	9.679	calibrate2
1373	1555795744668	-0.111	-0.398	9.655	calibrate2
1374	1555795744670	-0.128	-0.42	9.624	calibrate2
1375	1555795744672	-0.152	-0.42	9.607	calibrate2
1376	1555795744675	-0.159	-0.454	9.591	calibrate2
1377	1555795744676	-0.176	-0.48	9.579	calibrate2
1378	1555795744682	-0.207	-0.504	9.591	calibrate2
1379	1555795744683	-0.219	-0.547	9.595	calibrate2
1380	1555795744684	-0.236	-0.566	9.591	calibrate2
1381	1555795744687	-0.281	-0.604	9.579	calibrate2
1382	1555795744688	-0.291	-0.607	9.603	calibrate2
1383	1555795744691	-0.303	-0.638	9.612	calibrate2
1384	1555795744696	-0.322	-0.664	9.638	calibrate2
1385	1555795744697	-0.36	-0.688	9.66	calibrate2
1386	1555795744698	-0.382	-0.688	9.708	calibrate2
1387	1555795744703	-0.348	-0.7	9.756	calibrate2
1388	1555795744704	-0.341	-0.691	9.801	calibrate2
1389	1555795744705	-0.331	-0.679	9.83	calibrate2
1390	1555795744709	-0.303	-0.683	9.868	calibrate2
1391	1555795744711	-0.271	-0.655	9.897	calibrate2
1392	1555795744713	-0.238	-0.64	9.931	calibrate2
1393	1555795744718	-0.216	-0.626	9.947	calibrate2
1394	1555795744719	-0.176	-0.588	9.986	calibrate2
1395	1555795744720	-0.137	-0.559	9.993	calibrate2
1396	1555795744722	-0.104	-0.528	10.033	calibrate2
1397	1555795744725	-0.068	-0.506	10.072	calibrate2
1398	1555795744727	-0.015	-0.482	10.103	calibrate2
1399	1555795744730	0.025	-0.477	10.129	calibrate2
1400	1555795744733	0.078	-0.41	10.151	calibrate2
1401	1555795744734	0.114	-0.384	10.168	calibrate2
1402	1555795744737	0.16	-0.384	10.191	calibrate2
1403	1555795744739	0.207	-0.341	10.165	calibrate2
1404	1555795744741	0.253	-0.319	10.134	calibrate2
1405	1555795744743	0.286	-0.3	10.129	calibrate2
1406	1555795744747	0.31	-0.293	10.136	calibrate2
1407	1555795744749	0.327	-0.296	10.101	calibrate2
1408	1555795744751	0.313	-0.296	10.067	calibrate2
1409	1555795744753	0.301	-0.281	10.048	calibrate2
1410	1555795744756	0.284	-0.3	10.019	calibrate2
1411	1555795744758	0.258	-0.272	9.983	calibrate2
1412	1555795744766	0.241	-0.298	9.952	calibrate2
1413	1555795744767	0.224	-0.3	9.926	calibrate2
1414	1555795744768	0.198	-0.312	9.868	calibrate2
1415	1555795744769	0.174	-0.303	9.813	calibrate2
1416	1555795744772	0.126	-0.329	9.758	calibrate2
1417	1555795744773	0.116	-0.319	9.694	calibrate2
1418	1555795744774	0.102	-0.319	9.686	calibrate2
1419	1555795744777	0.076	-0.319	9.667	calibrate2
1420	1555795744779	0.054	-0.3	9.689	calibrate2
1421	1555795744782	0.045	-0.3	9.691	calibrate2
1422	1555795744784	0.023	-0.31	9.708	calibrate2
1423	1555795744786	0.042	-0.281	9.717	calibrate2
1424	1555795744789	0.042	-0.293	9.732	calibrate2
1425	1555795744792	0.049	-0.334	9.751	calibrate2
1426	1555795744794	0.066	-0.343	9.768	calibrate2
1427	1555795744796	0.076	-0.375	9.77	calibrate2
1428	1555795744798	0.092	-0.401	9.768	calibrate2
1429	1555795744801	0.097	-0.425	9.763	calibrate2
1430	1555795744803	0.095	-0.454	9.734	calibrate2
1431	1555795744806	0.107	-0.463	9.739	calibrate2
1432	1555795744807	0.088	-0.461	9.741	calibrate2
1433	1555795744810	0.085	-0.446	9.708	calibrate2
1434	1555795744812	0.057	-0.468	9.694	calibrate2
1435	1555795744815	0.03	-0.446	9.674	calibrate2
1436	1555795744817	0.023	-0.444	9.655	calibrate2
1437	1555795744820	-0.001	-0.432	9.65	calibrate2
1438	1555795744822	-0.034	-0.446	9.646	calibrate2
1439	1555795744824	-0.049	-0.434	9.65	calibrate2
1440	1555795744829	-0.068	-0.449	9.643	calibrate2
1441	1555795744830	-0.077	-0.442	9.653	calibrate2
1442	1555795744832	-0.109	-0.458	9.689	calibrate2
1443	1555795744834	-0.123	-0.48	9.715	calibrate2
1444	1555795744837	-0.14	-0.501	9.775	calibrate2
1445	1555795744839	-0.168	-0.492	9.828	calibrate2
1446	1555795744841	-0.178	-0.506	9.892	calibrate2
1447	1555795744844	-0.178	-0.542	9.911	calibrate2
1448	1555795744846	-0.173	-0.559	9.957	calibrate2
1449	1555795744850	-0.168	-0.576	10	calibrate2
1450	1555795744851	-0.157	-0.664	10.014	calibrate2
1451	1555795744853	-0.192	-0.671	10.045	calibrate2
1452	1555795744856	-0.161	-0.695	10.05	calibrate2
1453	1555795744858	-0.161	-0.734	10.036	calibrate2
1454	1555795744860	-0.159	-0.712	10.053	calibrate2
1455	1555795744863	-0.178	-0.743	10.05	calibrate2
1456	1555795744867	-0.159	-0.738	10.05	calibrate2
1457	1555795744868	-0.147	-0.736	10.053	calibrate2
1458	1555795744870	-0.164	-0.724	10.093	calibrate2
1459	1555795744872	-0.176	-0.707	10.122	calibrate2
1460	1555795744875	-0.168	-0.695	10.134	calibrate2
1461	1555795744877	-0.166	-0.657	10.151	calibrate2
1462	1555795744880	-0.166	-0.645	10.16	calibrate2
1463	1555795744882	-0.145	-0.621	10.194	calibrate2
1464	1555795744884	-0.157	-0.597	10.18	calibrate2
1465	1555795744886	-0.178	-0.588	10.189	calibrate2
1466	1555795744889	-0.164	-0.568	10.191	calibrate2
1467	1555795744891	-0.173	-0.537	10.163	calibrate2
1468	1555795744894	-0.157	-0.533	10.122	calibrate2
1469	1555795744896	-0.149	-0.523	10.096	calibrate2
1470	1555795744898	-0.154	-0.518	10.053	calibrate2
1471	1555795744901	-0.116	-0.525	9.998	calibrate2
1472	1555795744904	-0.111	-0.528	9.952	calibrate2
1473	1555795744906	-0.085	-0.497	9.928	calibrate2
1474	1555795744908	-0.087	-0.499	9.88	calibrate2
1475	1555795744912	-0.063	-0.513	9.844	calibrate2
1476	1555795744913	-0.042	-0.456	9.787	calibrate2
1477	1555795744915	-0.068	-0.454	9.763	calibrate2
1478	1555795744919	-0.063	-0.418	9.746	calibrate2
1479	1555795744920	-0.08	-0.41	9.744	calibrate2
1480	1555795744927	-0.077	-0.384	9.72	calibrate2
1481	1555795744930	-0.066	-0.384	9.753	calibrate2
1482	1555795744931	-0.03	-0.389	9.751	calibrate2
1483	1555795744933	-0.02	-0.377	9.794	calibrate2
1484	1555795744934	0.037	-0.382	9.792	calibrate2
1485	1555795744935	0.088	-0.396	9.792	calibrate2
1486	1555795744939	0.14	-0.403	9.804	calibrate2
1487	1555795744940	0.176	-0.415	9.818	calibrate2
1488	1555795744943	0.231	-0.437	9.842	calibrate2
1489	1555795744944	0.236	-0.47	9.823	calibrate2
1490	1555795744946	0.27	-0.456	9.849	calibrate2
1491	1555795744949	0.289	-0.47	9.84	calibrate2
1492	1555795744951	0.303	-0.454	9.806	calibrate2
1493	1555795744953	0.301	-0.439	9.751	calibrate2
1494	1555795744956	0.322	-0.403	9.734	calibrate2
1495	1555795744958	0.344	-0.355	9.722	calibrate2
1496	1555795744961	0.353	-0.315	9.696	calibrate2
1497	1555795744963	0.334	-0.26	9.686	calibrate2
1498	1555795744965	0.334	-0.233	9.677	calibrate2
1499	1555795744968	0.332	-0.221	9.66	calibrate2
1500	1555795744970	0.361	-0.171	9.629	calibrate2
1501	1555795744973	0.346	-0.13	9.588	calibrate2
1502	1555795744975	0.353	-0.116	9.569	calibrate2
1503	1555795744977	0.334	-0.092	9.547	calibrate2
1504	1555795744980	0.327	-0.059	9.538	calibrate2
1505	1555795744982	0.306	-0.059	9.519	calibrate2
1506	1555795744985	0.303	-0.039	9.514	calibrate2
1507	1555795744987	0.318	-0.047	9.526	calibrate2
1508	1555795744991	0.31	-0.025	9.564	calibrate2
1509	1555795744992	0.322	-0.042	9.591	calibrate2
1510	1555795744994	0.301	-0.051	9.65	calibrate2
1511	1555795744996	0.308	-0.051	9.729	calibrate2
1512	1555795744999	0.303	-0.075	9.796	calibrate2
1513	1555795745002	0.301	-0.111	9.852	calibrate2
1514	1555795745004	0.31	-0.145	9.923	calibrate2
1515	1555795745006	0.303	-0.214	9.962	calibrate2
1516	1555795745009	0.291	-0.264	9.981	calibrate2
1517	1555795745011	0.265	-0.307	10.005	calibrate2
1518	1555795745013	0.267	-0.327	9.981	calibrate2
1519	1555795745015	0.224	-0.372	9.993	calibrate2
1520	1555795745020	0.222	-0.401	9.971	calibrate2
1521	1555795745021	0.183	-0.418	9.954	calibrate2
1522	1555795745023	0.152	-0.454	9.897	calibrate2
1523	1555795745025	0.126	-0.494	9.883	calibrate2
1524	1555795745028	0.085	-0.516	9.837	calibrate2
1525	1555795745030	0.059	-0.53	9.749	calibrate2
1526	1555795745033	0.002	-0.53	9.713	calibrate2
1527	1555795745036	-0.01	-0.525	9.662	calibrate2
1528	1555795745037	-0.022	-0.475	9.638	calibrate2
1529	1555795745041	-0.015	-0.406	9.658	calibrate2
1530	1555795745042	-0.008	-0.387	9.667	calibrate2
1531	1555795745044	-0.013	-0.384	9.701	calibrate2
1532	1555795745048	-0.001	-0.339	9.722	calibrate2
1533	1555795745051	-0.018	-0.341	9.775	calibrate2
1534	1555795745054	0.03	-0.303	9.811	calibrate2
1535	1555795745055	0.023	-0.322	9.863	calibrate2
1536	1555795745057	0.042	-0.37	9.89	calibrate2
1537	1555795745061	0.061	-0.375	9.919	calibrate2
1538	1555795745063	0.1	-0.389	9.957	calibrate2
1539	1555795745066	0.131	-0.382	9.983	calibrate2
1540	1555795745067	0.176	-0.398	10	calibrate2
1541	1555795745070	0.183	-0.41	10.022	calibrate2
1542	1555795745071	0.176	-0.394	10.031	calibrate2
1543	1555795745075	0.179	-0.415	10.033	calibrate2
1544	1555795745077	0.16	-0.434	10.072	calibrate2
1545	1555795745080	0.169	-0.418	10.084	calibrate2
1546	1555795745082	0.167	-0.449	10.093	calibrate2
1547	1555795745083	0.167	-0.461	10.098	calibrate2
1548	1555795745085	0.157	-0.456	10.122	calibrate2
1549	1555795745089	0.148	-0.434	10.151	calibrate2
1550	1555795745092	0.124	-0.444	10.156	calibrate2
1551	1555795745094	0.121	-0.454	10.136	calibrate2
1552	1555795745096	0.1	-0.461	10.11	calibrate2
1553	1555795745098	0.081	-0.47	10.103	calibrate2
